demandes_erronees,demandes_a_mettre
495-008-000001,494-002-000020
495-008-000002,494-002-000021
495-008-000003,494-002-000022
495-008-000004,494-002-000023
495-008-000005,494-002-000024
495-008-000006,494-002-000025
495-008-000007,494-002-000026
495-008-000008,494-002-000027
495-008-000009,494-002-000028
495-008-000010,494-002-000029
495-008-000011,494-002-000030
495-008-000012,494-002-000031
495-008-000013,494-002-000032
495-008-000014,494-002-000033
495-008-000015,494-002-000034
495-008-000016,494-002-000035
495-008-000017,494-002-000036
495-008-000018,494-002-000037
495-008-000019,494-002-000038
495-008-000020,494-002-000039
495-008-000021,494-002-000040
495-008-000022,494-002-000041
495-008-000023,494-002-000042
495-008-000024,494-002-000043
495-008-000025,494-002-000044
495-008-000026,494-002-000045
495-008-000027,494-002-000046
495-008-000028,494-002-000047
495-008-000029,494-002-000048
495-008-000030,494-002-000049
495-008-000031,494-002-000050
495-008-000032,494-002-000051
495-008-000033,494-002-000052
495-008-000034,494-002-000053
495-008-000035,494-002-000054
495-008-000036,494-002-000055
495-008-000037,494-002-000056
495-008-000038,494-002-000057
495-008-000039,494-002-000058
495-008-000040,494-002-000059
495-008-000041,494-002-000060
495-008-000042,494-002-000061
495-008-000043,494-002-000062
495-008-000044,494-002-000063
495-008-000045,494-002-000064
495-008-000046,494-002-000065
495-008-000047,494-002-000066
495-038-000001,494-004-000011
495-038-000002,494-004-000012
495-038-000003,494-004-000013
495-038-000004,494-004-000014
495-038-000005,494-004-000015
495-038-000006,494-004-000016
495-038-000007,494-004-000017
495-038-000008,494-004-000018
495-038-000009,494-004-000019
495-038-000010,494-004-000020
495-038-000011,494-004-000021
495-038-000012,494-004-000022
495-038-000013,494-004-000023
495-038-000014,494-004-000024
495-038-000015,494-004-000025
495-038-000016,494-004-000026
495-038-000017,494-004-000027
495-038-000018,494-004-000028
495-038-000019,494-004-000029
495-038-000020,494-004-000030
495-038-000021,494-004-000031
495-038-000022,494-004-000032
495-038-000023,494-004-000033
495-038-000024,494-004-000034
495-038-000025,494-004-000035
495-038-000026,494-004-000036
495-038-000027,494-004-000037
495-038-000028,494-004-000038
495-038-000029,494-004-000039
495-038-000030,494-004-000040
495-038-000031,494-004-000041
495-038-000032,494-004-000042
495-038-000033,494-004-000043
495-038-000034,494-004-000044
495-038-000035,494-004-000045
495-038-000036,494-004-000046
495-038-000037,494-004-000047
495-038-000038,494-004-000048
495-038-000039,494-004-000049
495-038-000040,494-004-000050
495-038-000041,494-004-000051
495-038-000042,494-004-000052
495-038-000043,494-004-000053
495-038-000044,494-004-000054
495-038-000045,494-004-000055
495-038-000046,494-004-000056
494-003-000001,494-004-000057
494-003-000002,494-004-000058
488-009-000005,488-002-000032
488-009-000006,488-002-000033
488-009-000007,488-002-000034
488-009-000008,488-002-000035
488-009-000009,488-002-000036
488-009-000010,488-002-000037
488-009-000011,488-002-000038
488-009-000012,488-002-000039
488-009-000001,488-009-001000
488-009-000002,488-009-001001
488-009-000003,488-009-001002
488-009-000004,488-009-001003
488-009-000005,488-009-001004
488-009-000006,488-009-001005
488-009-000007,488-009-001006
488-009-000008,488-009-001007
488-009-000009,488-009-001008
488-009-000010,488-009-001009
488-009-000001,488-009-000500
488-009-000002,488-009-000501
481-003-000001,481-003-000018
481-003-000002,481-003-000019
481-003-000003,481-003-000020
481-003-000004,481-003-000021
481-003-000005,481-003-000022
481-003-000006,481-003-000023
481-003-000007,481-003-000024
481-003-000008,481-003-000025
473-023-000111,473-029-000001
473-023-000112,473-029-000002
473-023-000113,473-029-000003
473-023-000114,473-029-000004
473-023-000115,473-029-000005
473-023-000116,473-029-000006
473-023-000117,473-029-000007
473-023-000118,473-029-000008
473-023-000119,473-029-000009
473-023-000120,473-029-000010
473-023-000121,473-029-000011
473-023-000122,473-029-000012
473-023-000123,473-029-000013
470-019-000001,470-019-000105
470-019-000002,470-019-000106
470-019-000003,470-019-000107
470-019-000004,470-019-000108
470-019-000001,470-019-000201
470-019-000002,470-019-000202
470-019-000003,470-019-000203
470-019-000004,470-019-000204
488-011-000001,488-011-000501
488-011-000002,488-011-000502
488-011-000003,488-011-000503
486-001-000001,486-001-000500
,
,
,
,
,
,
,
,
,
,
,
,
,