file,request,timestamp
CF-463-003-000006-PPDef.pdf,CF-463-003-000006-PPDef,2026-03-23T09:05:08.334448
CF-463-003-000007-PPDef.pdf,CF-463-003-000007-PPDef,2026-03-23T09:05:12.776138
CF-463-003-000008-PPDef.pdf,CF-463-003-000008-PPDef,2026-03-23T09:05:14.724817
CF-463-003-000013-PPDef.pdf,CF-463-003-000013-PPDef,2026-03-23T09:05:18.716411
CF-463-003-000014-PPDef.pdf,CF-463-003-000014-PPDef,2026-03-23T09:05:22.494895
CF-463-003-000016-PPDef.pdf,CF-463-003-000016-PPDef,2026-03-23T09:05:24.543986
CF-463-003-000018-PPDef.pdf,CF-463-003-000018-PPDef,2026-03-23T09:05:26.191303
CF-463-003-000019-PPDef.pdf,CF-463-003-000019-PPDef,2026-03-23T09:05:28.648535
CF-463-003-000020-PPDef.pdf,CF-463-003-000020-PPDef,2026-03-23T09:05:30.384640
CF-463-003-000023-PPDef.pdf,CF-463-003-000023-PPDef,2026-03-23T09:05:35.607363
CF-463-003-000028-PPDef.pdf,CF-463-003-000028-PPDef,2026-03-23T09:05:39.084828
CF-463-003-000029-PPDef.pdf,CF-463-003-000029-PPDef,2026-03-23T09:05:41.139010
CF-463-003-000030-PPDef.pdf,CF-463-003-000030-PPDef,2026-03-23T09:05:42.977142
CF-463-003-000035-PPDef.pdf,CF-463-003-000035-PPDef,2026-03-23T09:05:44.850596
CF-463-005-000001-PPDef.pdf,CF-463-005-000001-PPDef,2026-03-23T09:05:46.767922
CF-463-005-000005-PPDef.pdf,CF-463-005-000005-PPDef,2026-03-23T09:05:48.813408
CF-463-005-000011-PPDef.pdf,CF-463-005-000011-PPDef,2026-03-23T09:05:50.660742
CF-463-005-000012-PPDef.pdf,CF-463-005-000012-PPDef,2026-03-23T09:05:52.172609
CF-463-005-000015-PPDef.pdf,CF-463-005-000015-PPDef,2026-03-23T09:05:53.830261
CF-463-005-000017-PPDef.pdf,CF-463-005-000017-PPDef,2026-03-23T09:05:55.643300
CF-463-005-000018-PPDef.pdf,CF-463-005-000018-PPDef,2026-03-23T09:05:59.264063
CF-463-005-000020-PPDef.pdf,CF-463-005-000020-PPDef,2026-03-23T09:06:01.417062
CF-463-005-000021-PPDef.pdf,CF-463-005-000021-PPDef,2026-03-23T09:06:06.016662
CF-463-005-000023-PPDef.pdf,CF-463-005-000023-PPDef,2026-03-23T09:06:08.273819
CF-463-005-000025-PPDef.pdf,CF-463-005-000025-PPDef,2026-03-23T09:06:10.627847
CF-463-005-000028-PPDef.pdf,CF-463-005-000028-PPDef,2026-03-23T09:06:13.090642
CF-463-005-000029-PPDef.pdf,CF-463-005-000029-PPDef,2026-03-23T09:06:15.648985
CF-463-005-000031-PPDef.pdf,CF-463-005-000031-PPDef,2026-03-23T09:06:20.557986
CF-463-005-000032-PPDef.pdf,CF-463-005-000032-PPDef,2026-03-23T09:06:22.509431
CF-463-005-000033-PPDef.pdf,CF-463-005-000033-PPDef,2026-03-23T09:06:24.552449
CF-463-005-000036-PPDef.pdf,CF-463-005-000036-PPDef,2026-03-23T09:06:26.500520
CF-463-005-000037-PPDef.pdf,CF-463-005-000037-PPDef,2026-03-23T09:06:28.549882
CF-463-005-000039-PPDef.pdf,CF-463-005-000039-PPDef,2026-03-23T09:06:30.438633
CF-463-005-000041-PPDef.pdf,CF-463-005-000041-PPDef,2026-03-23T09:06:32.116953
CF-463-008-000101-PPDef.pdf,CF-463-008-000101-PPDef,2026-03-23T09:06:33.926613
CF-463-008-000103-PPDef.pdf,CF-463-008-000103-PPDef,2026-03-23T09:06:38.762406
CF-463-008-000106-PPDef.pdf,CF-463-008-000106-PPDef,2026-03-23T09:06:42.637974
CF-463-008-000108-PPDef.pdf,CF-463-008-000108-PPDef,2026-03-23T09:06:47.150642
CF-463-008-000110-PPDef.pdf,CF-463-008-000110-PPDef,2026-03-23T09:06:52.917853
CF-463-008-000113-PPDef.pdf,CF-463-008-000113-PPDef,2026-03-23T09:06:57.322654
CF-463-008-000116-PPDef.pdf,CF-463-008-000116-PPDef,2026-03-23T09:07:02.239274
CF-463-008-000122-PPDef.pdf,CF-463-008-000122-PPDef,2026-03-23T09:07:06.537383
CF-463-008-000124-PPDef.pdf,CF-463-008-000124-PPDef,2026-03-23T09:07:10.791086
CF-463-008-000126-PPDef.pdf,CF-463-008-000126-PPDef,2026-03-23T09:07:15.239380
CF-463-008-000127-PPDef.pdf,CF-463-008-000127-PPDef,2026-03-23T09:07:19.335049
CF-463-008-000128-PPDef.pdf,CF-463-008-000128-PPDef,2026-03-23T09:07:23.637609
CF-463-008-000129-PPDef.pdf,CF-463-008-000129-PPDef,2026-03-23T09:07:27.381693
CF-463-008-000130-PPDef.pdf,CF-463-008-000130-PPDef,2026-03-23T09:07:32.645695
CF-463-008-000131-PPDef.pdf,CF-463-008-000131-PPDef,2026-03-23T09:07:36.744899
CF-463-008-000132-PPDef.pdf,CF-463-008-000132-PPDef,2026-03-23T09:07:41.048781
CF-463-008-000133-PPDef.pdf,CF-463-008-000133-PPDef,2026-03-23T09:07:45.758579
CF-463-008-000136-PPDef.pdf,CF-463-008-000136-PPDef,2026-03-23T09:07:47.393118
CF-463-008-000137-PPDef.pdf,CF-463-008-000137-PPDef,2026-03-23T09:07:49.135888
CF-463-008-000138-PPDef.pdf,CF-463-008-000138-PPDef,2026-03-23T09:07:54.665706
CF-463-008-000139-PPDef.pdf,CF-463-008-000139-PPDef,2026-03-23T09:07:56.406517
CF-463-008-000140-PPDef.pdf,CF-463-008-000140-PPDef,2026-03-23T09:07:58.456714
CF-463-008-000144-PPDef.pdf,CF-463-008-000144-PPDef,2026-03-23T09:08:00.501133
CF-463-008-000145-PPDef.pdf,CF-463-008-000145-PPDef,2026-03-23T09:08:02.245890
CF-463-008-000148-PPDef.pdf,CF-463-008-000148-PPDef,2026-03-23T09:08:06.956286
CF-463-008-000150-PPDef.pdf,CF-463-008-000150-PPDef,2026-03-23T09:08:12.763227
CF-463-008-000159-PPDef.pdf,CF-463-008-000159-PPDef,2026-03-23T09:08:14.432468
CF-463-008-000165-PPDef.pdf,CF-463-008-000165-PPDef,2026-03-23T09:08:16.046590
CF-463-008-000166-PPDef.pdf,CF-463-008-000166-PPDef,2026-03-23T09:08:20.046190
CF-463-008-000168-PPDef.pdf,CF-463-008-000168-PPDef,2026-03-23T09:08:24.567934
CF-463-008-000169-PPDef.pdf,CF-463-008-000169-PPDef,2026-03-23T09:08:26.614763
CF-463-008-000170-PPDef.pdf,CF-463-008-000170-PPDef,2026-03-23T09:08:28.838054
CF-463-010-000002-PPDef.pdf,CF-463-010-000002-PPDef,2026-03-23T09:08:30.726544
CF-463-010-000003-PPDef.pdf,CF-463-010-000003-PPDef,2026-03-23T09:08:32.662804
CF-463-011-000007-PPDef.pdf,CF-463-011-000007-PPDef,2026-03-23T09:08:34.399226
CF-463-011-000018-PPDef.pdf,CF-463-011-000018-PPDef,2026-03-23T09:08:38.082209
CF-463-014-000010-PPDef.pdf,CF-463-014-000010-PPDef,2026-03-23T09:08:40.038217
CF-463-015-000001-PPDef.pdf,CF-463-015-000001-PPDef,2026-03-23T09:08:44.531224
CF-463-015-000002-PPDef.pdf,CF-463-015-000002-PPDef,2026-03-23T09:08:46.476576
CF-463-015-000004-PPDef.pdf,CF-463-015-000004-PPDef,2026-03-23T09:08:47.990932
CF-463-015-000006-PPDef.pdf,CF-463-015-000006-PPDef,2026-03-23T09:08:52.316167
CF-463-015-000007-PPDef.pdf,CF-463-015-000007-PPDef,2026-03-23T09:08:56.818853
CF-463-018-000002-PPDef.pdf,CF-463-018-000002-PPDef,2026-03-23T09:08:58.726981
CF-463-018-000003-PPDef.pdf,CF-463-018-000003-PPDef,2026-03-23T09:09:03.265472
CF-463-018-000004-PPDef.pdf,CF-463-018-000004-PPDef,2026-03-23T09:09:07.028119
CF-463-018-000005-PPDef.pdf,CF-463-018-000005-PPDef,2026-03-23T09:09:09.012181
CF-463-018-000006-PPDef.pdf,CF-463-018-000006-PPDef,2026-03-23T09:09:12.691356
CF-463-018-000007-PPDef.pdf,CF-463-018-000007-PPDef,2026-03-23T09:09:14.740965
CF-463-018-000009-PPDef.pdf,CF-463-018-000009-PPDef,2026-03-23T09:09:16.729722
CF-463-018-000011-PPDef.pdf,CF-463-018-000011-PPDef,2026-03-23T09:09:18.483387
CF-463-018-000012-PPDef.pdf,CF-463-018-000012-PPDef,2026-03-23T09:09:20.168644
CF-463-018-000013-PPDef.pdf,CF-463-018-000013-PPDef,2026-03-23T09:09:22.147048
CF-463-018-000014-PPDef.pdf,CF-463-018-000014-PPDef,2026-03-23T09:09:23.752594
CF-463-018-000015-PPDef.pdf,CF-463-018-000015-PPDef,2026-03-23T09:09:28.577605
CF-463-018-000020-PPDef.pdf,CF-463-018-000020-PPDef,2026-03-23T09:09:32.783320
CF-463-018-000026-PPDef.pdf,CF-463-018-000026-PPDef,2026-03-23T09:09:37.536777
CF-463-018-000027-PPDef.pdf,CF-463-018-000027-PPDef,2026-03-23T09:09:41.466479
CF-463-018-000030-PPDef.pdf,CF-463-018-000030-PPDef,2026-03-23T09:09:43.224531
CF-463-018-000032-PPDef.pdf,CF-463-018-000032-PPDef,2026-03-23T09:09:45.055354
CF-463-018-000033-PPDef.pdf,CF-463-018-000033-PPDef,2026-03-23T09:09:46.706271
CF-463-018-000038-PPDef.pdf,CF-463-018-000038-PPDef,2026-03-23T09:09:50.687912
CF-463-018-000039-PPDef.pdf,CF-463-018-000039-PPDef,2026-03-23T09:09:52.730099
CF-463-018-000040-PPDef.pdf,CF-463-018-000040-PPDef,2026-03-23T09:09:57.023285
CF-463-018-000041-PPDef.pdf,CF-463-018-000041-PPDef,2026-03-23T09:09:58.959762
CF-463-018-000042-PPDef.pdf,CF-463-018-000042-PPDef,2026-03-23T09:10:00.517799
CF-463-018-000043-PPDef.pdf,CF-463-018-000043-PPDef,2026-03-23T09:10:04.614921
CF-463-018-000044-PPDef.pdf,CF-463-018-000044-PPDef,2026-03-23T09:10:08.521223
CF-463-018-000045-PPDef.pdf,CF-463-018-000045-PPDef,2026-03-23T09:10:12.601642
CF-463-018-000047-PPDef.pdf,CF-463-018-000047-PPDef,2026-03-23T09:10:16.393601
CF-463-018-000049-PPDef.pdf,CF-463-018-000049-PPDef,2026-03-23T09:10:18.010931
CF-463-018-000050-PPDef.pdf,CF-463-018-000050-PPDef,2026-03-23T09:10:19.866613
CF-463-018-000052-PPDef.pdf,CF-463-018-000052-PPDef,2026-03-23T09:10:23.761665
CF-463-018-000054-PPDef.pdf,CF-463-018-000054-PPDef,2026-03-23T09:10:29.903618
CF-463-018-000056-PPDef.pdf,CF-463-018-000056-PPDef,2026-03-23T09:10:33.692533
CF-463-018-000058-PPDef.pdf,CF-463-018-000058-PPDef,2026-03-23T09:10:35.950647
CF-463-018-000061-PPDef.pdf,CF-463-018-000061-PPDef,2026-03-23T09:10:38.196885
CF-463-018-000064-PPDef.pdf,CF-463-018-000064-PPDef,2026-03-23T09:10:40.454008
CF-463-018-000066-PPDef.pdf,CF-463-018-000066-PPDef,2026-03-23T09:10:42.396787
CF-463-018-000067-PPDef.pdf,CF-463-018-000067-PPDef,2026-03-23T09:10:47.728392
CF-463-018-000068-PPDef.pdf,CF-463-018-000068-PPDef,2026-03-23T09:10:50.182295
CF-463-018-000069-PPDef.pdf,CF-463-018-000069-PPDef,2026-03-23T09:10:54.176349
CF-463-018-000073-PPDef.pdf,CF-463-018-000073-PPDef,2026-03-23T09:10:58.374653
CF-463-018-000074-PPDef.pdf,CF-463-018-000074-PPDef,2026-03-23T09:11:04.211513
CF-463-018-000077-PPDef.pdf,CF-463-018-000077-PPDef,2026-03-23T09:11:09.025311
CF-463-018-000078-PPDef.pdf,CF-463-018-000078-PPDef,2026-03-23T09:11:11.584545
CF-463-018-000081-PPDef.pdf,CF-463-018-000081-PPDef,2026-03-23T09:11:14.141450
CF-463-025-000005-PPDef.pdf,CF-463-025-000005-PPDef,2026-03-23T09:11:20.906584
CF-463-025-000006-PPDef.pdf,CF-463-025-000006-PPDef,2026-03-23T09:11:23.565493
CF-466-001-000003-PPDef.pdf,CF-466-001-000003-PPDef,2026-03-23T09:11:25.877998
CF-466-001-000004-PPDef.pdf,CF-466-001-000004-PPDef,2026-03-23T09:11:30.323448
CF-466-001-000006-PPDef.pdf,CF-466-001-000006-PPDef,2026-03-23T09:11:34.420898
CF-466-001-000015-PPDef.pdf,CF-466-001-000015-PPDef,2026-03-23T09:11:36.772579
CF-466-001-000016-PPDef.pdf,CF-466-001-000016-PPDef,2026-03-23T09:11:38.923935
CF-466-001-000024-PPDef.pdf,CF-466-001-000024-PPDef,2026-03-23T09:11:43.734345
CF-466-001-000025-PPDef.pdf,CF-466-001-000025-PPDef,2026-03-23T09:11:45.888347
CF-466-001-000031-PPDef.pdf,CF-466-001-000031-PPDef,2026-03-23T09:11:49.678164
CF-466-001-000032-PPDef.pdf,CF-466-001-000032-PPDef,2026-03-23T09:11:52.031700
CF-466-001-000033-PPDef.pdf,CF-466-001-000033-PPDef,2026-03-23T09:11:54.080816
CF-466-001-000040-PPDef.pdf,CF-466-001-000040-PPDef,2026-03-23T09:11:58.444376
CF-466-001-000049-PPDef.pdf,CF-466-001-000049-PPDef,2026-03-23T09:12:00.736726
CF-466-001-000050-PPDef.pdf,CF-466-001-000050-PPDef,2026-03-23T09:12:05.039139
CF-466-001-000052-PPDef.pdf,CF-466-001-000052-PPDef,2026-03-23T09:12:09.440593
CF-466-001-000058-PPDef.pdf,CF-466-001-000058-PPDef,2026-03-23T09:12:11.384834
CF-466-002-000004-PPDef.pdf,CF-466-002-000004-PPDef,2026-03-23T09:12:13.843731
CF-466-002-000007-PPDef.pdf,CF-466-002-000007-PPDef,2026-03-23T09:12:15.791056
CF-466-005-000009-PPDef.pdf,CF-466-005-000009-PPDef,2026-03-23T09:12:18.143501
CF-466-005-000010-PPDef.pdf,CF-466-005-000010-PPDef,2026-03-23T09:12:22.640850
CF-466-005-000011-PPDef.pdf,CF-466-005-000011-PPDef,2026-03-23T09:12:26.641933
CF-466-005-000012-PPDef.pdf,CF-466-005-000012-PPDef,2026-03-23T09:12:33.403284
CF-466-005-000016-PPDef.pdf,CF-466-005-000016-PPDef,2026-03-23T09:12:35.761562
CF-466-005-000017-PPDef.pdf,CF-466-005-000017-PPDef,2026-03-23T09:12:39.854458
CF-466-005-000018-PPDef.pdf,CF-466-005-000018-PPDef,2026-03-23T09:12:42.107264
CF-466-005-000019-PPDef.pdf,CF-466-005-000019-PPDef,2026-03-23T09:12:46.103174
CF-466-005-000029-PPDef.pdf,CF-466-005-000029-PPDef,2026-03-23T09:12:48.661004
CF-466-005-000033-PPDef.pdf,CF-466-005-000033-PPDef,2026-03-23T09:12:50.811412
CF-466-010-000012-PPDef.pdf,CF-466-010-000012-PPDef,2026-03-23T09:12:52.756071
CF-466-014-000001-PPDef.pdf,CF-466-014-000001-PPDef,2026-03-23T09:12:54.616136
CF-466-014-000012-PPDef.pdf,CF-466-014-000012-PPDef,2026-03-23T09:12:56.852874
CF-466-014-000013-PPDef.pdf,CF-466-014-000013-PPDef,2026-03-23T09:13:01.460642
CF-466-014-000015-PPDef.pdf,CF-466-014-000015-PPDef,2026-03-23T09:13:03.510270
CF-466-014-000017-PPDef.pdf,CF-466-014-000017-PPDef,2026-03-23T09:13:08.117187
CF-466-014-000020-PPDef.pdf,CF-466-014-000020-PPDef,2026-03-23T09:13:10.370907
CF-466-014-000502-PPDef.pdf,CF-466-014-000502-PPDef,2026-03-23T09:13:12.624644
CF-466-014-000503-PPDef.pdf,CF-466-014-000503-PPDef,2026-03-23T09:13:14.568953
CF-466-014-000506-PPDef.pdf,CF-466-014-000506-PPDef,2026-03-23T09:13:20.406775
CF-466-014-000508-PPDef.pdf,CF-466-014-000508-PPDef,2026-03-23T09:13:24.706357
CF-466-014-000509-PPDef.pdf,CF-466-014-000509-PPDef,2026-03-23T09:13:26.858186
CF-466-014-000511-PPDef.pdf,CF-466-014-000511-PPDef,2026-03-23T09:13:29.109801
CF-466-014-000512-PPDef.pdf,CF-466-014-000512-PPDef,2026-03-23T09:13:33.411052
CF-466-014-000514-PPDef.pdf,CF-466-014-000514-PPDef,2026-03-23T09:13:35.974151
CF-466-014-000515-PPDef.pdf,CF-466-014-000515-PPDef,2026-03-23T09:13:39.760266
CF-466-014-000516-PPDef.pdf,CF-466-014-000516-PPDef,2026-03-23T09:13:42.111396
CF-466-017-000002-PPDef.pdf,CF-466-017-000002-PPDef,2026-03-23T09:13:47.238215
CF-466-017-000005-PPDef.pdf,CF-466-017-000005-PPDef,2026-03-23T09:13:52.153229
CF-466-017-000016-PPDef.pdf,CF-466-017-000016-PPDef,2026-03-23T09:13:56.859794
CF-466-017-000018-PPDef.pdf,CF-466-017-000018-PPDef,2026-03-23T09:14:01.671143
CF-466-017-000019-PPDef.pdf,CF-466-017-000019-PPDef,2026-03-23T09:14:06.383248
CF-466-017-000026-PPDef.pdf,CF-466-017-000026-PPDef,2026-03-23T09:14:08.637450
CF-466-017-000041-PPDef.pdf,CF-466-017-000041-PPDef,2026-03-23T09:14:14.267730
CF-466-017-000045-PPDef.pdf,CF-466-017-000045-PPDef,2026-03-23T09:14:19.182954
CF-466-017-000046-PPDef.pdf,CF-466-017-000046-PPDef,2026-03-23T09:14:24.304073
CF-466-017-000055-PPDef.pdf,CF-466-017-000055-PPDef,2026-03-23T09:14:26.555146
CF-466-017-000060-PPDef.pdf,CF-466-017-000060-PPDef,2026-03-23T09:14:28.368699
CF-466-017-000064-PPDef.pdf,CF-466-017-000064-PPDef,2026-03-23T09:14:33.162855
CF-466-017-000065-PPDef.pdf,CF-466-017-000065-PPDef,2026-03-23T09:14:35.156919
CF-466-017-000066-PPDef.pdf,CF-466-017-000066-PPDef,2026-03-23T09:14:37.206376
CF-466-017-000067-PPDef.pdf,CF-466-017-000067-PPDef,2026-03-23T09:14:42.224905
CF-466-017-000070-PPDef.pdf,CF-466-017-000070-PPDef,2026-03-23T09:14:47.462547
CF-466-017-000072-PPDef.pdf,CF-466-017-000072-PPDef,2026-03-23T09:14:49.698672
CF-466-017-000075-PPDef.pdf,CF-466-017-000075-PPDef,2026-03-23T09:14:53.693175
CF-466-017-000076-PPDef.pdf,CF-466-017-000076-PPDef,2026-03-23T09:14:57.785934
CF-466-017-000078-PPDef.pdf,CF-466-017-000078-PPDef,2026-03-23T09:15:01.986880
CF-466-017-000079-PPDef.pdf,CF-466-017-000079-PPDef,2026-03-23T09:15:04.238299
CF-466-017-000082-PPDef.pdf,CF-466-017-000082-PPDef,2026-03-23T09:15:09.154863
CF-466-017-000084-PPDef.pdf,CF-466-017-000084-PPDef,2026-03-23T09:15:11.273810
CF-466-017-000085-PPDef.pdf,CF-466-017-000085-PPDef,2026-03-23T09:15:13.455834
CF-466-017-000086-PPDef.pdf,CF-466-017-000086-PPDef,2026-03-23T09:15:15.502930
CF-466-017-000091-PPDef.pdf,CF-466-017-000091-PPDef,2026-03-23T09:15:17.755728
CF-466-017-000097-PPDef.pdf,CF-466-017-000097-PPDef,2026-03-23T09:15:22.262422
CF-466-017-000098-PPDef.pdf,CF-466-017-000098-PPDef,2026-03-23T09:15:24.619026
CF-466-017-000099-PPDef.pdf,CF-466-017-000099-PPDef,2026-03-23T09:15:29.634787
CF-466-017-000100-PPDef.pdf,CF-466-017-000100-PPDef,2026-03-23T09:15:34.651739
CF-466-017-000101-PPDef.pdf,CF-466-017-000101-PPDef,2026-03-23T09:15:39.257613
CF-466-017-000102-PPDef.pdf,CF-466-017-000102-PPDef,2026-03-23T09:15:43.663295
CF-466-017-000103-PPDef.pdf,CF-466-017-000103-PPDef,2026-03-23T09:15:48.169443
CF-466-017-000105-PPDef.pdf,CF-466-017-000105-PPDef,2026-03-23T09:15:52.878082
CF-466-017-000109-PPDef.pdf,CF-466-017-000109-PPDef,2026-03-23T09:15:54.692945
CF-466-017-000110-PPDef.pdf,CF-466-017-000110-PPDef,2026-03-23T09:15:58.325304
CF-466-017-000111-PPDef.pdf,CF-466-017-000111-PPDef,2026-03-23T09:16:02.201243
CF-466-019-000002-PPDef.pdf,CF-466-019-000002-PPDef,2026-03-23T09:16:06.499855
CF-466-019-000014-PPDef.pdf,CF-466-019-000014-PPDef,2026-03-23T09:16:08.852168
CF-466-019-000015-PPDef.pdf,CF-466-019-000015-PPDef,2026-03-23T09:16:11.172921
CF-466-019-000018-PPDef.pdf,CF-466-019-000018-PPDef,2026-03-23T09:16:13.463795
CF-466-019-000020-PPDef.pdf,CF-466-019-000020-PPDef,2026-03-23T09:16:15.816211
CF-466-019-000021-PPDef.pdf,CF-466-019-000021-PPDef,2026-03-23T09:16:19.912882
CF-466-019-000022-PPDef.pdf,CF-466-019-000022-PPDef,2026-03-23T09:16:21.961519
CF-466-019-000025-PPDef.pdf,CF-466-019-000025-PPDef,2026-03-23T09:16:24.314263
CF-466-019-000035-PPDef.pdf,CF-466-019-000035-PPDef,2026-03-23T09:16:28.721605
CF-466-019-000036-PPDef.pdf,CF-466-019-000036-PPDef,2026-03-23T09:16:30.870518
CF-466-019-000044-PPDef.pdf,CF-466-019-000044-PPDef,2026-03-23T09:16:33.123849
CF-466-019-000045-PPDef.pdf,CF-466-019-000045-PPDef,2026-03-23T09:16:35.056293
CF-466-019-000048-PPDef.pdf,CF-466-019-000048-PPDef,2026-03-23T09:16:39.163696
CF-466-019-000049-PPDef.pdf,CF-466-019-000049-PPDef,2026-03-23T09:16:41.526809
CF-466-023-000001-PPDef.pdf,CF-466-023-000001-PPDef,2026-03-23T09:16:47.357235
CF-466-023-000002-PPDef.pdf,CF-466-023-000002-PPDef,2026-03-23T09:16:49.814752
CF-466-023-000016-PPDef.pdf,CF-466-023-000016-PPDef,2026-03-23T09:16:51.862939
CF-466-023-000504-PPDef.pdf,CF-466-023-000504-PPDef,2026-03-23T09:16:54.215625
CF-466-024-000010-PPDef.pdf,CF-466-024-000010-PPDef,2026-03-23T09:16:56.368986
CF-472-007-000001-PPDef.pdf,CF-472-007-000001-PPDef,2026-03-23T09:17:04.151450
CF-472-007-000002-PPDef.pdf,CF-472-007-000002-PPDef,2026-03-23T09:17:08.260287
CF-472-014-000008-PPDef.pdf,CF-472-014-000008-PPDef,2026-03-23T09:17:10.500069
CF-473-012-000008-PPDef.pdf,CF-473-012-000008-PPDef,2026-03-23T09:17:12.648908
CF-473-012-000011-PPDef.pdf,CF-473-012-000011-PPDef,2026-03-23T09:17:15.004643
CF-473-012-000016-PPDef.pdf,CF-473-012-000016-PPDef,2026-03-23T09:17:17.053499
CF-473-012-000017-PPDef.pdf,CF-473-012-000017-PPDef,2026-03-23T09:17:19.406507
CF-473-012-000018-PPDef.pdf,CF-473-012-000018-PPDef,2026-03-23T09:17:24.631457
CF-473-012-000019-PPDef.pdf,CF-473-012-000019-PPDef,2026-03-23T09:17:26.781643
CF-473-012-000020-PPDef.pdf,CF-473-012-000020-PPDef,2026-03-23T09:17:29.133927
CF-473-012-000021-PPDef.pdf,CF-473-012-000021-PPDef,2026-03-23T09:17:31.489584
CF-473-012-000022-PPDef.pdf,CF-473-012-000022-PPDef,2026-03-23T09:17:33.747411
CF-473-012-000023-PPDef.pdf,CF-473-012-000023-PPDef,2026-03-23T09:17:35.896068
CF-473-012-000024-PPDef.pdf,CF-473-012-000024-PPDef,2026-03-23T09:17:42.551865
CF-473-012-000025-PPDef.pdf,CF-473-012-000025-PPDef,2026-03-23T09:17:44.803738
CF-473-012-000026-PPDef.pdf,CF-473-012-000026-PPDef,2026-03-23T09:17:47.056343
CF-473-012-000028-PPDef.pdf,CF-473-012-000028-PPDef,2026-03-23T09:17:53.302820
CF-473-012-000029-PPDef.pdf,CF-473-012-000029-PPDef,2026-03-23T09:17:55.367743
CF-473-012-000031-PPDef.pdf,CF-473-012-000031-PPDef,2026-03-23T09:17:59.654077
CF-473-012-000032-PPDef.pdf,CF-473-012-000032-PPDef,2026-03-23T09:18:05.266993
CF-473-012-000033-PPDef.pdf,CF-473-012-000033-PPDef,2026-03-23T09:18:12.089652
CF-473-012-000036-PPDef.pdf,CF-473-012-000036-PPDef,2026-03-23T09:18:17.673558
CF-473-012-000037-PPDef.pdf,CF-473-012-000037-PPDef,2026-03-23T09:18:24.533318
CF-473-012-000038-PPDef.pdf,CF-473-012-000038-PPDef,2026-03-23T09:18:26.787017
CF-473-012-000040-PPDef.pdf,CF-473-012-000040-PPDef,2026-03-23T09:18:32.420842
CF-473-013-000001-PPDef.pdf,CF-473-013-000001-PPDef,2026-03-23T09:18:34.365623
CF-473-013-000003-PPDef.pdf,CF-473-013-000003-PPDef,2026-03-23T09:18:37.130980
CF-473-013-000005-PPDef.pdf,CF-473-013-000005-PPDef,2026-03-23T09:18:39.043402
CF-473-014-000017-PPDef.pdf,CF-473-014-000017-PPDef,2026-03-23T09:18:44.299604
CF-473-014-000019-PPDef.pdf,CF-473-014-000019-PPDef,2026-03-23T09:18:49.726428
CF-473-014-000022-PPDef.pdf,CF-473-014-000022-PPDef,2026-03-23T09:18:51.978735
CF-473-014-000024-PPDef.pdf,CF-473-014-000024-PPDef,2026-03-23T09:18:56.483963
CF-473-014-000027-PPDef.pdf,CF-473-014-000027-PPDef,2026-03-23T09:18:58.735936
CF-473-014-000030-PPDef.pdf,CF-473-014-000030-PPDef,2026-03-23T09:19:03.407929
CF-473-014-000031-PPDef.pdf,CF-473-014-000031-PPDef,2026-03-23T09:19:07.339218
CF-473-014-000032-PPDef.pdf,CF-473-014-000032-PPDef,2026-03-23T09:19:12.869142
CF-473-014-000035-PPDef.pdf,CF-473-014-000035-PPDef,2026-03-23T09:19:17.887144
CF-473-014-000038-PPDef.pdf,CF-473-014-000038-PPDef,2026-03-23T09:19:24.134599
CF-473-014-000039-PPDef.pdf,CF-473-014-000039-PPDef,2026-03-23T09:19:29.356627
CF-473-014-000040-PPDef.pdf,CF-473-014-000040-PPDef,2026-03-23T09:19:34.163396
CF-473-014-000043-PPDef.pdf,CF-473-014-000043-PPDef,2026-03-23T09:19:38.876125
CF-473-014-000045-PPDef.pdf,CF-473-014-000045-PPDef,2026-03-23T09:19:44.101032
CF-473-014-000046-PPDef.pdf,CF-473-014-000046-PPDef,2026-03-23T09:19:48.811884
CF-473-014-000051-PPDef.pdf,CF-473-014-000051-PPDef,2026-03-23T09:19:54.952121
CF-473-014-000053-PPDef.pdf,CF-473-014-000053-PPDef,2026-03-23T09:19:59.255464
CF-473-014-000065-PPDef.pdf,CF-473-014-000065-PPDef,2026-03-23T09:20:03.865133
CF-473-014-000066-PPDef.pdf,CF-473-014-000066-PPDef,2026-03-23T09:20:08.629200
CF-473-014-000067-PPDef.pdf,CF-473-014-000067-PPDef,2026-03-23T09:20:12.784384
CF-473-014-000068-PPDef.pdf,CF-473-014-000068-PPDef,2026-03-23T09:20:18.713743
CF-473-014-000069-PPDef.pdf,CF-473-014-000069-PPDef,2026-03-23T09:20:23.218832
CF-473-014-000074-PPDef.pdf,CF-473-014-000074-PPDef,2026-03-23T09:20:27.417584
CF-473-014-000075-PPDef.pdf,CF-473-014-000075-PPDef,2026-03-23T09:20:31.923347
CF-473-014-000084-PPDef.pdf,CF-473-014-000084-PPDef,2026-03-23T09:56:25.306013
CF-473-014-000085-PPDef.pdf,CF-473-014-000085-PPDef,2026-03-23T09:56:30.295109
CF-473-014-000086-PPDef.pdf,CF-473-014-000086-PPDef,2026-03-23T09:56:34.903068
CF-473-014-000087-PPDef.pdf,CF-473-014-000087-PPDef,2026-03-23T09:56:39.452533
CF-473-014-000088-PPDef.pdf,CF-473-014-000088-PPDef,2026-03-23T09:56:44.221494
CF-473-014-000089-PPDef.pdf,CF-473-014-000089-PPDef,2026-03-23T09:56:49.450548
CF-473-014-000090-PPDef.pdf,CF-473-014-000090-PPDef,2026-03-23T09:56:53.540626
CF-473-014-000091-PPDef.pdf,CF-473-014-000091-PPDef,2026-03-23T09:56:57.943661
CF-473-014-000092-PPDef.pdf,CF-473-014-000092-PPDef,2026-03-23T09:57:02.142132
CF-473-014-000093-PPDef.pdf,CF-473-014-000093-PPDef,2026-03-23T09:57:05.624198
CF-473-020-000004-PPDef.pdf,CF-473-020-000004-PPDef,2026-03-23T09:57:09.720130
CF-473-020-000009-PPDef.pdf,CF-473-020-000009-PPDef,2026-03-23T09:57:11.768161
CF-473-020-000015-PPDef.pdf,CF-473-020-000015-PPDef,2026-03-23T09:57:13.406168
CF-473-020-000017-PPDef.pdf,CF-473-020-000017-PPDef,2026-03-23T09:57:15.249097
CF-473-020-000020-PPDef.pdf,CF-473-020-000020-PPDef,2026-03-23T09:57:17.195334
CF-473-020-000023-PPDef.pdf,CF-473-020-000023-PPDef,2026-03-23T09:57:18.936118
CF-473-020-000029-PPDef.pdf,CF-473-020-000029-PPDef,2026-03-23T09:57:20.472036
CF-473-024-000003-PPDef.pdf,CF-473-024-000003-PPDef,2026-03-23T09:57:22.526866
CF-473-024-000009-PPDef.pdf,CF-473-024-000009-PPDef,2026-03-23T09:57:24.674407
CF-473-024-000010-PPDef.pdf,CF-473-024-000010-PPDef,2026-03-23T09:57:29.203215
CF-473-024-000013-PPDef.pdf,CF-473-024-000013-PPDef,2026-03-23T09:57:31.094626
CF-473-024-000016-PPDef.pdf,CF-473-024-000016-PPDef,2026-03-23T09:57:33.067257
CF-473-024-000019-PPDef.pdf,CF-473-024-000019-PPDef,2026-03-23T09:57:34.911132
CF-473-024-000023-PPDef.pdf,CF-473-024-000023-PPDef,2026-03-23T09:57:36.548677
CF-473-024-000042-PPDef.pdf,CF-473-024-000042-PPDef,2026-03-23T09:57:40.851059
CF-473-024-000045-PPDef.pdf,CF-473-024-000045-PPDef,2026-03-23T09:57:42.549569
CF-473-024-000046-PPDef.pdf,CF-473-024-000046-PPDef,2026-03-23T09:57:44.228873
CF-473-024-000047-PPDef.pdf,CF-473-024-000047-PPDef,2026-03-23T09:57:46.072094
CF-473-024-000048-PPDef.pdf,CF-473-024-000048-PPDef,2026-03-23T09:57:47.690739
CF-473-024-000050-PPDef.pdf,CF-473-024-000050-PPDef,2026-03-23T09:57:49.656246
CF-473-024-000054-PPDef.pdf,CF-473-024-000054-PPDef,2026-03-23T09:57:53.243094
CF-473-024-000055-PPDef.pdf,CF-473-024-000055-PPDef,2026-03-23T09:57:58.874138
CF-473-024-000056-PPDef.pdf,CF-473-024-000056-PPDef,2026-03-23T09:58:01.233489
CF-473-024-000058-PPDef.pdf,CF-473-024-000058-PPDef,2026-03-23T09:58:05.228965
CF-473-024-000064-PPDef.pdf,CF-473-024-000064-PPDef,2026-03-23T09:58:07.302962
CF-473-024-000065-PPDef.pdf,CF-473-024-000065-PPDef,2026-03-23T09:58:09.109821
CF-473-024-000067-PPDef.pdf,CF-473-024-000067-PPDef,2026-03-23T09:58:10.857226
CF-473-024-000068-PPDef.pdf,CF-473-024-000068-PPDef,2026-03-23T09:58:15.774735
CF-473-024-000069-PPDef.pdf,CF-473-024-000069-PPDef,2026-03-23T09:58:18.639645
CF-473-024-000071-PPDef.pdf,CF-473-024-000071-PPDef,2026-03-23T09:58:24.372721
CF-473-024-000074-PPDef.pdf,CF-473-024-000074-PPDef,2026-03-23T09:58:26.319336
CF-473-024-000075-PPDef.pdf,CF-473-024-000075-PPDef,2026-03-23T09:58:28.426290
CF-473-024-000077-PPDef.pdf,CF-473-024-000077-PPDef,2026-03-23T09:58:30.724247
CF-473-024-000078-PPDef.pdf,CF-473-024-000078-PPDef,2026-03-23T09:58:33.180932
CF-477-006-000002-PPDef.pdf,CF-477-006-000002-PPDef,2026-03-23T09:58:35.126148
CF-477-006-000003-PPDef.pdf,CF-477-006-000003-PPDef,2026-03-23T09:58:37.686207
CF-477-006-000004-PPDef.pdf,CF-477-006-000004-PPDef,2026-03-23T09:58:42.704011
CF-477-006-000008-PPDef.pdf,CF-477-006-000008-PPDef,2026-03-23T09:58:45.189905
CF-477-006-000009-PPDef.pdf,CF-477-006-000009-PPDef,2026-03-23T09:58:47.518245
CF-477-011-000005-PPDef.pdf,CF-477-011-000005-PPDef,2026-03-23T09:58:51.418361
CF-477-011-000009-PPDef.pdf,CF-477-011-000009-PPDef,2026-03-23T09:58:53.865808
CF-478-002-000004-PPDef.pdf,CF-478-002-000004-PPDef,2026-03-23T09:58:59.904792
CF-478-002-000011-PPDef.pdf,CF-478-002-000011-PPDef,2026-03-23T09:59:02.159894
CF-478-002-000016-PPDef.pdf,CF-478-002-000016-PPDef,2026-03-23T09:59:04.645102
CF-478-002-000017-PPDef.pdf,CF-478-002-000017-PPDef,2026-03-23T09:59:06.768406
CF-479-001-000000-PPDef.pdf,CF-479-001-000000-PPDef,2026-03-23T09:59:08.629170
CF-479-001-000001-PPDef.pdf,CF-479-001-000001-PPDef,2026-03-23T09:59:10.967444
CF-479-001-000003-PPDef.pdf,CF-479-001-000003-PPDef,2026-03-23T09:59:16.084563
CF-479-001-000004-PPDef.pdf,CF-479-001-000004-PPDef,2026-03-23T09:59:20.795167
CF-479-001-000005-PPDef.pdf,CF-479-001-000005-PPDef,2026-03-23T09:59:23.561263
CF-479-001-000006-PPDef.pdf,CF-479-001-000006-PPDef,2026-03-23T09:59:27.452605
CF-479-001-000007-PPDef.pdf,CF-479-001-000007-PPDef,2026-03-23T09:59:29.909795
CF-479-001-000008-PPDef.pdf,CF-479-001-000008-PPDef,2026-03-23T09:59:33.801783
CF-479-001-000009-PPDef.pdf,CF-479-001-000009-PPDef,2026-03-23T09:59:39.439488
CF-479-001-000010-PPDef.pdf,CF-479-001-000010-PPDef,2026-03-23T09:59:41.583111
CF-479-001-000011-PPDef.pdf,CF-479-001-000011-PPDef,2026-03-23T09:59:45.578653
CF-479-001-000012-PPDef.pdf,CF-479-001-000012-PPDef,2026-03-23T09:59:49.674137
CF-479-001-000013-PPDef.pdf,CF-479-001-000013-PPDef,2026-03-23T09:59:52.131859
CF-479-001-000014-PPDef.pdf,CF-479-001-000014-PPDef,2026-03-23T09:59:56.942527
CF-479-001-000015-PPDef.pdf,CF-479-001-000015-PPDef,2026-03-23T10:00:01.754248
CF-479-001-000016-PPDef.pdf,CF-479-001-000016-PPDef,2026-03-23T10:00:04.306707
CF-479-001-000017-PPDef.pdf,CF-479-001-000017-PPDef,2026-03-23T10:00:09.438444
CF-479-001-000018-PPDef.pdf,CF-479-001-000018-PPDef,2026-03-23T10:00:11.795851
CF-479-001-000020-PPDef.pdf,CF-479-001-000020-PPDef,2026-03-23T10:00:14.251004
CF-479-001-000023-PPDef.pdf,CF-479-001-000023-PPDef,2026-03-23T10:00:16.503868
CF-479-001-000024-PPDef.pdf,CF-479-001-000024-PPDef,2026-03-23T10:00:20.393360
CF-479-001-000025-PPDef.pdf,CF-479-001-000025-PPDef,2026-03-23T10:00:24.271891
CF-479-001-000026-PPDef.pdf,CF-479-001-000026-PPDef,2026-03-23T10:00:26.329194
CF-479-001-000027-PPDef.pdf,CF-479-001-000027-PPDef,2026-03-23T10:00:28.405415
CF-479-001-000028-PPDef.pdf,CF-479-001-000028-PPDef,2026-03-23T10:00:30.837530
CF-479-001-000029-PPDef.pdf,CF-479-001-000029-PPDef,2026-03-23T10:00:34.965596
CF-479-001-000031-PPDef.pdf,CF-479-001-000031-PPDef,2026-03-23T10:00:37.598314
CF-479-001-000033-PPDef.pdf,CF-479-001-000033-PPDef,2026-03-23T10:00:41.692974
CF-479-001-000034-PPDef.pdf,CF-479-001-000034-PPDef,2026-03-23T10:00:43.739941
CF-479-002-000005-PPDef.pdf,CF-479-002-000005-PPDef,2026-03-23T10:00:46.097206
CF-479-002-000006-PPDef.pdf,CF-479-002-000006-PPDef,2026-03-23T10:00:48.247427
CF-479-002-000008-PPDef.pdf,CF-479-002-000008-PPDef,2026-03-23T10:00:53.060602
CF-479-002-000010-PPDef.pdf,CF-479-002-000010-PPDef,2026-03-23T10:00:55.413786
CF-479-002-000011-PPDef.pdf,CF-479-002-000011-PPDef,2026-03-23T10:00:57.873419
CF-479-002-000012-PPDef.pdf,CF-479-002-000012-PPDef,2026-03-23T10:01:02.172169
CF-479-002-000013-PPDef.pdf,CF-479-002-000013-PPDef,2026-03-23T10:01:06.065365
CF-479-002-000015-PPDef.pdf,CF-479-002-000015-PPDef,2026-03-23T10:01:10.571170
CF-479-002-000016-PPDef.pdf,CF-479-002-000016-PPDef,2026-03-23T10:01:12.822667
CF-479-002-000017-PPDef.pdf,CF-479-002-000017-PPDef,2026-03-23T10:01:17.020410
CF-479-002-000018-PPDef.pdf,CF-479-002-000018-PPDef,2026-03-23T10:01:19.172704
CF-479-002-000020-PPDef.pdf,CF-479-002-000020-PPDef,2026-03-23T10:01:21.527638
CF-479-002-000025-PPDef.pdf,CF-479-002-000025-PPDef,2026-03-23T10:01:26.238607
CF-479-002-000027-PPDef.pdf,CF-479-002-000027-PPDef,2026-03-23T10:01:28.488394
CF-479-002-000028-PPDef.pdf,CF-479-002-000028-PPDef,2026-03-23T10:01:32.894471
CF-479-002-000029-PPDef.pdf,CF-479-002-000029-PPDef,2026-03-23T10:01:35.145266
CF-479-002-000032-PPDef.pdf,CF-479-002-000032-PPDef,2026-03-23T10:01:37.092635
CF-479-002-000033-PPDef.pdf,CF-479-002-000033-PPDef,2026-03-23T10:01:39.555479
CF-479-002-000034-PPDef.pdf,CF-479-002-000034-PPDef,2026-03-23T10:01:41.700620
CF-479-002-000036-PPDef.pdf,CF-479-002-000036-PPDef,2026-03-23T10:01:45.796589
CF-479-002-000038-PPDef.pdf,CF-479-002-000038-PPDef,2026-03-23T10:01:48.153114
CF-479-002-000039-PPDef.pdf,CF-479-002-000039-PPDef,2026-03-23T10:01:50.562983
CF-479-002-000040-PPDef.pdf,CF-479-002-000040-PPDef,2026-03-23T10:01:52.861198
CF-479-002-000043-PPDef.pdf,CF-479-002-000043-PPDef,2026-03-23T10:01:56.753851
CF-479-002-000047-PPDef.pdf,CF-479-002-000047-PPDef,2026-03-23T10:01:59.116761
CF-479-002-000052-PPDef.pdf,CF-479-002-000052-PPDef,2026-03-23T10:02:01.260317
CF-479-002-000054-PPDef.pdf,CF-479-002-000054-PPDef,2026-03-23T10:02:03.311716
CF-479-003-000007-PPDef.pdf,CF-479-003-000007-PPDef,2026-03-23T10:02:07.100589
CF-479-003-000011-PPDef.pdf,CF-479-003-000011-PPDef,2026-03-23T10:02:11.708088
CF-479-003-000028-PPDef.pdf,CF-479-003-000028-PPDef,2026-03-23T10:02:13.857083
CF-479-006-000017-PPDef.pdf,CF-479-006-000017-PPDef,2026-03-23T10:02:16.109363
CF-479-006-000023-PPDef.pdf,CF-479-006-000023-PPDef,2026-03-23T10:02:20.616894
CF-479-006-000027-PPDef.pdf,CF-479-006-000027-PPDef,2026-03-23T10:02:27.178608
CF-479-006-000032-PPDef.pdf,CF-479-006-000032-PPDef,2026-03-23T10:02:33.577889
CF-479-006-000037-PPDef.pdf,CF-479-006-000037-PPDef,2026-03-23T10:02:37.643131
CF-479-006-000045-PPDef.pdf,CF-479-006-000045-PPDef,2026-03-23T10:02:46.571459
CF-479-006-000047-PPDef.pdf,CF-479-006-000047-PPDef,2026-03-23T10:02:51.950589
CF-479-006-000048-PPDef.pdf,CF-479-006-000048-PPDef,2026-03-23T10:02:56.661318
CF-479-006-000049-PPDef.pdf,CF-479-006-000049-PPDef,2026-03-23T10:03:01.165495
CF-479-006-000050-PPDef.pdf,CF-479-006-000050-PPDef,2026-03-23T10:03:06.594337
CF-479-006-000053-PPDef.pdf,CF-479-006-000053-PPDef,2026-03-23T10:03:11.918463
CF-479-006-000055-PPDef.pdf,CF-479-006-000055-PPDef,2026-03-23T10:03:17.011717
CF-479-006-000056-PPDef.pdf,CF-479-006-000056-PPDef,2026-03-23T10:03:22.770683
CF-479-006-000066-PPDef.pdf,CF-479-006-000066-PPDef,2026-03-23T10:03:34.319229
CF-479-006-000067-PPDef.pdf,CF-479-006-000067-PPDef,2026-03-23T10:03:41.102861
CF-479-006-000069-PPDef.pdf,CF-479-006-000069-PPDef,2026-03-23T10:03:46.223347
CF-479-008-000013-PPDef.pdf,CF-479-008-000013-PPDef,2026-03-23T10:03:51.031774
CF-479-008-000019-PPDef.pdf,CF-479-008-000019-PPDef,2026-03-23T10:03:53.183012
CF-481-003-000002-PPDef.pdf,CF-481-003-000002-PPDef,2026-03-23T10:03:55.250005
CF-481-003-000003-PPDef.pdf,CF-481-003-000003-PPDef,2026-03-23T10:03:59.446024
CF-481-003-000004-PPDef.pdf,CF-481-003-000004-PPDef,2026-03-23T10:04:01.070409
CF-481-003-000005-PPDef.pdf,CF-481-003-000005-PPDef,2026-03-23T10:04:03.122762
CF-481-003-000008-PPDef.pdf,CF-481-003-000008-PPDef,2026-03-23T10:04:05.067331
CF-481-003-000009-PPDef.pdf,CF-481-003-000009-PPDef,2026-03-23T10:04:12.410007
CF-481-003-000011-PPDef.pdf,CF-481-003-000011-PPDef,2026-03-23T10:04:14.587100
CF-481-004-000010-PPDef.pdf,CF-481-004-000010-PPDef,2026-03-23T10:04:16.634594
CF-481-004-000011-PPDef.pdf,CF-481-004-000011-PPDef,2026-03-23T10:04:20.831780
CF-481-004-000014-PPDef.pdf,CF-481-004-000014-PPDef,2026-03-23T10:04:25.134236
CF-481-004-000015-PPDef.pdf,CF-481-004-000015-PPDef,2026-03-23T10:04:27.387801
CF-481-004-000018-PPDef.pdf,CF-481-004-000018-PPDef,2026-03-23T10:04:29.320594
CF-481-004-000019-PPDef.pdf,CF-481-004-000019-PPDef,2026-03-23T10:04:30.766895
CF-481-004-000022-PPDef.pdf,CF-481-004-000022-PPDef,2026-03-23T10:04:32.812121
CF-481-004-000023-PPDef.pdf,CF-481-004-000023-PPDef,2026-03-23T10:04:34.977232
CF-481-004-000024-PPDef.pdf,CF-481-004-000024-PPDef,2026-03-23T10:04:39.625275
CF-481-005-000002-PPDef.pdf,CF-481-005-000002-PPDef,2026-03-23T10:04:41.475969
CF-481-005-000021-PPDef.pdf,CF-481-005-000021-PPDef,2026-03-23T10:04:43.573398
CF-481-005-000022-PPDef.pdf,CF-481-005-000022-PPDef,2026-03-23T10:04:45.404584
CF-481-010-000045-PPDef.pdf,CF-481-010-000045-PPDef,2026-03-23T10:04:50.021122
CF-481-011-000016-PPDef.pdf,CF-481-011-000016-PPDef,2026-03-23T10:04:51.961537
CF-481-011-000026-PPDef.pdf,CF-481-011-000026-PPDef,2026-03-23T10:04:53.909796
CF-481-011-000028-PPDef.pdf,CF-481-011-000028-PPDef,2026-03-23T10:04:56.084304
CF-481-011-000032-PPDef.pdf,CF-481-011-000032-PPDef,2026-03-23T10:04:58.517590
CF-481-011-000033-PPDef.pdf,CF-481-011-000033-PPDef,2026-03-23T10:05:00.417992
CF-481-011-000040-PPDef.pdf,CF-481-011-000040-PPDef,2026-03-23T10:05:06.818230
CF-481-011-000045-PPDef.pdf,CF-481-011-000045-PPDef,2026-03-23T10:05:08.861422
CF-481-014-000001-PPDef.pdf,CF-481-014-000001-PPDef,2026-03-23T10:05:11.114264
CF-481-014-000002-PPDef.pdf,CF-481-014-000002-PPDef,2026-03-23T10:05:15.318338
CF-481-014-000003-PPDef.pdf,CF-481-014-000003-PPDef,2026-03-23T10:05:17.565768
CF-481-014-000004-PPDef.pdf,CF-481-014-000004-PPDef,2026-03-23T10:05:19.715123
CF-481-014-000005-PPDef.pdf,CF-481-014-000005-PPDef,2026-03-23T10:05:21.763972
CF-481-014-000006-PPDef.pdf,CF-481-014-000006-PPDef,2026-03-23T10:05:26.217324
CF-481-014-000007-PPDef.pdf,CF-481-014-000007-PPDef,2026-03-23T10:05:28.524022
CF-481-014-000009-PPDef.pdf,CF-481-014-000009-PPDef,2026-03-23T10:05:32.309612
CF-481-014-000010-PPDef.pdf,CF-481-014-000010-PPDef,2026-03-23T10:05:36.301096
CF-481-014-000011-PPDef.pdf,CF-481-014-000011-PPDef,2026-03-23T10:05:38.760322
CF-481-014-000012-PPDef.pdf,CF-481-014-000012-PPDef,2026-03-23T10:05:40.912391
CF-481-014-000013-PPDef.pdf,CF-481-014-000013-PPDef,2026-03-23T10:05:43.064978
CF-481-014-000014-PPDef.pdf,CF-481-014-000014-PPDef,2026-03-23T10:05:47.464012
CF-481-014-000015-PPDef.pdf,CF-481-014-000015-PPDef,2026-03-23T10:05:49.718386
CF-481-014-000016-PPDef.pdf,CF-481-014-000016-PPDef,2026-03-23T10:05:51.618806
CF-481-014-000017-PPDef.pdf,CF-481-014-000017-PPDef,2026-03-23T10:05:53.713306
CF-481-014-000018-PPDef.pdf,CF-481-014-000018-PPDef,2026-03-23T10:05:55.555292
CF-481-014-000019-PPDef.pdf,CF-481-014-000019-PPDef,2026-03-23T10:05:59.856677
CF-481-014-000021-PPDef.pdf,CF-481-014-000021-PPDef,2026-03-23T10:06:01.497210
CF-481-014-000024-PPDef.pdf,CF-481-014-000024-PPDef,2026-03-23T10:06:05.768163
CF-481-016-000011-PPDef.pdf,CF-481-016-000011-PPDef,2026-03-23T10:06:11.428071
CF-481-023-000001-PPDef.pdf,CF-481-023-000001-PPDef,2026-03-23T10:06:13.578326
CF-481-023-000004-PPDef.pdf,CF-481-023-000004-PPDef,2026-03-23T10:06:15.930888
CF-481-023-000006-PPDef.pdf,CF-481-023-000006-PPDef,2026-03-23T10:06:18.389333
CF-481-023-000007-PPDef.pdf,CF-481-023-000007-PPDef,2026-03-23T10:06:20.132551
CF-481-023-000008-PPDef.pdf,CF-481-023-000008-PPDef,2026-03-23T10:06:22.285879
CF-481-023-000009-PPDef.pdf,CF-481-023-000009-PPDef,2026-03-23T10:06:24.840583
CF-481-023-000010-PPDef.pdf,CF-481-023-000010-PPDef,2026-03-23T10:06:29.143261
CF-481-026-000009-PPDef.pdf,CF-481-026-000009-PPDef,2026-03-23T10:06:32.931886
CF-481-026-000010-PPDef.pdf,CF-481-026-000010-PPDef,2026-03-23T10:06:34.778265
CF-481-026-000012-PPDef.pdf,CF-481-026-000012-PPDef,2026-03-23T10:06:40.257116
CF-481-026-000013-PPDef.pdf,CF-481-026-000013-PPDef,2026-03-23T10:06:42.148772
CF-481-026-000014-PPDef.pdf,CF-481-026-000014-PPDef,2026-03-23T10:06:44.334083
CF-481-026-000016-PPDef.pdf,CF-481-026-000016-PPDef,2026-03-23T10:06:45.965385
CF-481-026-000017-PPDef.pdf,CF-481-026-000017-PPDef,2026-03-23T10:06:47.982124
CF-481-026-000018-PPDef.pdf,CF-481-026-000018-PPDef,2026-03-23T10:06:50.001533
CF-481-026-000019-PPDef.pdf,CF-481-026-000019-PPDef,2026-03-23T10:06:51.691353
CF-481-026-000020-PPDef.pdf,CF-481-026-000020-PPDef,2026-03-23T10:06:56.656206
CF-481-026-000021-PPDef.pdf,CF-481-026-000021-PPDef,2026-03-23T10:06:58.836666
CF-481-026-000023-PPDef.pdf,CF-481-026-000023-PPDef,2026-03-23T10:07:03.755196
CF-481-026-000024-PPDef.pdf,CF-481-026-000024-PPDef,2026-03-23T10:07:05.843201
CF-481-026-000025-PPDef.pdf,CF-481-026-000025-PPDef,2026-03-23T10:07:08.458566
CF-481-026-000026-PPDef.pdf,CF-481-026-000026-PPDef,2026-03-23T10:07:12.863592
CF-481-026-000027-PPDef.pdf,CF-481-026-000027-PPDef,2026-03-23T10:07:14.903683
CF-481-026-000032-PPDef.pdf,CF-481-026-000032-PPDef,2026-03-23T10:07:21.265256
CF-481-039-000003-PPDef.pdf,CF-481-039-000003-PPDef,2026-03-23T10:07:23.517509
CF-481-039-000004-PPDef.pdf,CF-481-039-000004-PPDef,2026-03-23T10:07:25.756655
CF-484-008-000016-PPDef.pdf,CF-484-008-000016-PPDef,2026-03-23T10:07:29.763992
CF-484-015-000005-PPDef.pdf,CF-484-015-000005-PPDef,2026-03-23T10:07:34.166684
CF-484-015-000006-PPDef.pdf,CF-484-015-000006-PPDef,2026-03-23T10:07:39.328514
CF-484-015-000007-PPDef.pdf,CF-484-015-000007-PPDef,2026-03-23T10:07:43.175984
CF-484-015-000009-PPDef.pdf,CF-484-015-000009-PPDef,2026-03-23T10:07:47.576232
CF-484-015-000011-PPDef.pdf,CF-484-015-000011-PPDef,2026-03-23T10:07:52.286950
CF-484-015-000012-PPDef.pdf,CF-484-015-000012-PPDef,2026-03-23T10:07:53.927297
CF-484-015-000013-PPDef.pdf,CF-484-015-000013-PPDef,2026-03-23T10:07:56.281894
CF-484-015-000016-PPDef.pdf,CF-484-015-000016-PPDef,2026-03-23T10:08:01.987192
CF-484-015-000017-PPDef.pdf,CF-484-015-000017-PPDef,2026-03-23T10:08:04.217349
CF-484-015-000019-PPDef.pdf,CF-484-015-000019-PPDef,2026-03-23T10:08:06.522959
CF-484-015-000020-PPDef.pdf,CF-484-015-000020-PPDef,2026-03-23T10:08:10.598709
CF-484-015-000021-PPDef.pdf,CF-484-015-000021-PPDef,2026-03-23T10:08:15.331608
CF-484-015-000023-PPDef.pdf,CF-484-015-000023-PPDef,2026-03-23T10:08:20.144502
CF-484-015-000024-PPDef.pdf,CF-484-015-000024-PPDef,2026-03-23T10:08:22.395833
CF-484-015-000025-PPDef.pdf,CF-484-015-000025-PPDef,2026-03-23T10:08:28.233307
CF-484-015-000026-PPDef.pdf,CF-484-015-000026-PPDef,2026-03-23T10:08:32.432803
CF-484-015-000027-PPDef.pdf,CF-484-015-000027-PPDef,2026-03-23T10:08:36.442446
CF-484-015-000028-PPDef.pdf,CF-484-015-000028-PPDef,2026-03-23T10:08:41.481416
CF-484-015-000029-PPDef.pdf,CF-484-015-000029-PPDef,2026-03-23T10:08:43.697967
CF-484-015-000030-PPDef.pdf,CF-484-015-000030-PPDef,2026-03-23T10:08:47.992434
CF-484-015-000031-PPDef.pdf,CF-484-015-000031-PPDef,2026-03-23T10:08:52.282258
CF-484-015-000032-PPDef.pdf,CF-484-015-000032-PPDef,2026-03-23T10:08:56.209011
CF-484-015-000033-PPDef.pdf,CF-484-015-000033-PPDef,2026-03-23T10:09:00.438220
CF-484-015-000034-PPDef.pdf,CF-484-015-000034-PPDef,2026-03-23T10:09:02.999808
CF-484-015-000035-PPDef.pdf,CF-484-015-000035-PPDef,2026-03-23T10:09:07.005091
CF-484-015-000037-PPDef.pdf,CF-484-015-000037-PPDef,2026-03-23T10:09:11.035309
CF-484-015-000038-PPDef.pdf,CF-484-015-000038-PPDef,2026-03-23T10:09:13.887903
CF-484-015-000040-PPDef.pdf,CF-484-015-000040-PPDef,2026-03-23T10:09:16.361239
CF-484-015-000041-PPDef.pdf,CF-484-015-000041-PPDef,2026-03-23T10:09:18.308780
CF-484-015-000044-PPDef.pdf,CF-484-015-000044-PPDef,2026-03-23T10:09:20.152348
CF-484-015-000047-PPDef.pdf,CF-484-015-000047-PPDef,2026-03-23T10:09:22.098486
CF-484-015-000052-PPDef.pdf,CF-484-015-000052-PPDef,2026-03-23T10:09:23.840183
CF-484-015-000053-PPDef.pdf,CF-484-015-000053-PPDef,2026-03-23T10:09:25.889047
CF-484-015-000054-PPDef.pdf,CF-484-015-000054-PPDef,2026-03-23T10:09:27.630208
CF-484-015-000055-PPDef.pdf,CF-484-015-000055-PPDef,2026-03-23T10:09:29.369450
CF-484-015-000056-PPDef.pdf,CF-484-015-000056-PPDef,2026-03-23T10:09:34.492019
CF-484-015-000057-PPDef.pdf,CF-484-015-000057-PPDef,2026-03-23T10:09:36.532611
CF-484-015-000058-PPDef.pdf,CF-484-015-000058-PPDef,2026-03-23T10:09:38.382215
CF-484-015-000061-PPDef.pdf,CF-484-015-000061-PPDef,2026-03-23T10:09:40.840412
CF-484-015-000062-PPDef.pdf,CF-484-015-000062-PPDef,2026-03-23T10:09:42.784778
CF-484-015-000063-PPDef.pdf,CF-484-015-000063-PPDef,2026-03-23T10:09:44.832850
CF-484-015-000066-PPDef.pdf,CF-484-015-000066-PPDef,2026-03-23T10:09:46.985329
CF-484-015-000067-PPDef.pdf,CF-484-015-000067-PPDef,2026-03-23T10:09:49.027094
CF-484-015-000068-PPDef.pdf,CF-484-015-000068-PPDef,2026-03-23T10:09:51.221177
CF-484-015-000069-PPDef.pdf,CF-484-015-000069-PPDef,2026-03-23T10:09:53.435951
CF-484-015-000070-PPDef.pdf,CF-484-015-000070-PPDef,2026-03-23T10:09:56.214962
CF-484-015-000071-PPDef.pdf,CF-484-015-000071-PPDef,2026-03-23T10:09:58.651685
CF-484-015-000073-PPDef.pdf,CF-484-015-000073-PPDef,2026-03-23T10:10:00.704758
CF-484-015-000074-PPDef.pdf,CF-484-015-000074-PPDef,2026-03-23T10:10:02.860946
CF-484-015-000075-PPDef.pdf,CF-484-015-000075-PPDef,2026-03-23T10:10:05.015151
CF-484-015-000081-PPDef.pdf,CF-484-015-000081-PPDef,2026-03-23T10:10:07.052178
CF-484-015-000085-PPDef.pdf,CF-484-015-000085-PPDef,2026-03-23T10:10:09.208564
CF-484-015-000086-PPDef.pdf,CF-484-015-000086-PPDef,2026-03-23T10:10:11.513761
CF-484-015-000089-PPDef.pdf,CF-484-015-000089-PPDef,2026-03-23T10:10:13.707113
CF-484-015-000092-PPDef.pdf,CF-484-015-000092-PPDef,2026-03-23T10:10:15.654075
CF-484-015-000093-PPDef.pdf,CF-484-015-000093-PPDef,2026-03-23T10:10:20.466653
CF-484-015-000094-PPDef.pdf,CF-484-015-000094-PPDef,2026-03-23T10:10:22.720597
CF-484-015-000095-PPDef.pdf,CF-484-015-000095-PPDef,2026-03-23T10:10:24.974081
CF-484-015-000096-PPDef.pdf,CF-484-015-000096-PPDef,2026-03-23T10:10:29.785425
CF-484-015-000097-PPDef.pdf,CF-484-015-000097-PPDef,2026-03-23T10:10:32.038636
CF-484-015-000098-PPDef.pdf,CF-484-015-000098-PPDef,2026-03-23T10:10:34.293481
CF-484-015-000099-PPDef.pdf,CF-484-015-000099-PPDef,2026-03-23T10:10:36.365499
CF-484-015-000100-PPDef.pdf,CF-484-015-000100-PPDef,2026-03-23T10:10:38.693568
CF-484-015-000104-PPDef.pdf,CF-484-015-000104-PPDef,2026-03-23T10:10:40.839268
CF-484-015-000107-PPDef.pdf,CF-484-015-000107-PPDef,2026-03-23T10:10:42.910566
CF-484-015-000108-PPDef.pdf,CF-484-015-000108-PPDef,2026-03-23T10:10:47.297606
CF-484-015-000109-PPDef.pdf,CF-484-015-000109-PPDef,2026-03-23T10:10:52.057201
CF-484-015-000110-PPDef.pdf,CF-484-015-000110-PPDef,2026-03-23T10:10:53.964008
CF-484-015-000111-PPDef.pdf,CF-484-015-000111-PPDef,2026-03-23T10:10:55.971038
CF-484-015-000112-PPDef.pdf,CF-484-015-000112-PPDef,2026-03-23T10:10:57.945077
CF-484-015-000113-PPDef.pdf,CF-484-015-000113-PPDef,2026-03-23T10:11:00.092367
CF-484-015-000114-PPDef.pdf,CF-484-015-000114-PPDef,2026-03-23T10:11:04.303542
CF-484-015-000115-PPDef.pdf,CF-484-015-000115-PPDef,2026-03-23T10:11:06.237568
CF-484-015-000117-PPDef.pdf,CF-484-015-000117-PPDef,2026-03-23T10:11:10.848632
CF-484-015-000118-PPDef.pdf,CF-484-015-000118-PPDef,2026-03-23T10:11:13.200414
CF-484-015-000119-PPDef.pdf,CF-484-015-000119-PPDef,2026-03-23T10:11:17.706866
CF-484-015-000120-PPDef.pdf,CF-484-015-000120-PPDef,2026-03-23T10:11:20.067428
CF-484-015-000121-PPDef.pdf,CF-484-015-000121-PPDef,2026-03-23T10:11:24.569600
CF-484-015-000122-PPDef.pdf,CF-484-015-000122-PPDef,2026-03-23T10:11:28.667313
CF-484-015-000124-PPDef.pdf,CF-484-015-000124-PPDef,2026-03-23T10:11:31.125520
CF-484-015-000125-PPDef.pdf,CF-484-015-000125-PPDef,2026-03-23T10:11:33.481125
CF-486-002-000003-PPDef.pdf,CF-486-002-000003-PPDef,2026-03-23T10:11:35.736181
CF-486-002-000006-PPDef.pdf,CF-486-002-000006-PPDef,2026-03-23T10:11:37.489518
CF-486-002-000007-PPDef.pdf,CF-486-002-000007-PPDef,2026-03-23T10:11:41.771645
CF-486-002-000008-PPDef.pdf,CF-486-002-000008-PPDef,2026-03-23T10:11:44.026680
CF-486-002-000011-PPDef.pdf,CF-486-002-000011-PPDef,2026-03-23T10:11:46.379937
CF-486-002-000012-PPDef.pdf,CF-486-002-000012-PPDef,2026-03-23T10:11:48.532324
CF-486-002-000013-PPDef.pdf,CF-486-002-000013-PPDef,2026-03-23T10:11:52.936809
CF-486-002-000018-PPDef.pdf,CF-486-002-000018-PPDef,2026-03-23T10:11:55.082217
CF-486-002-000021-PPDef.pdf,CF-486-002-000021-PPDef,2026-03-23T10:11:59.488361
CF-486-002-000029-PPDef.pdf,CF-486-002-000029-PPDef,2026-03-23T10:12:01.842736
CF-486-002-000032-PPDef.pdf,CF-486-002-000032-PPDef,2026-03-23T10:12:06.452481
CF-486-006-000029-PPDef.pdf,CF-486-006-000029-PPDef,2026-03-23T10:12:08.816672
CF-486-006-000031-PPDef.pdf,CF-486-006-000031-PPDef,2026-03-23T10:12:11.159419
CF-486-006-000034-PPDef.pdf,CF-486-006-000034-PPDef,2026-03-23T10:12:13.518869
CF-486-006-000035-PPDef.pdf,CF-486-006-000035-PPDef,2026-03-23T10:12:15.871202
CF-486-007-000001-PPDef.pdf,CF-486-007-000001-PPDef,2026-03-23T10:12:18.090477
CF-486-007-000002-PPDef.pdf,CF-486-007-000002-PPDef,2026-03-23T10:12:20.890614
CF-486-007-000012-PPDef.pdf,CF-486-007-000012-PPDef,2026-03-23T10:12:23.043002
CF-486-007-000013-PPDef.pdf,CF-486-007-000013-PPDef,2026-03-23T10:12:27.549143
CF-486-007-000014-PPDef.pdf,CF-486-007-000014-PPDef,2026-03-23T10:12:32.256846
CF-486-007-000016-PPDef.pdf,CF-486-007-000016-PPDef,2026-03-23T10:12:34.203054
CF-486-007-000017-PPDef.pdf,CF-486-007-000017-PPDef,2026-03-23T10:12:36.556092
CF-486-007-000018-PPDef.pdf,CF-486-007-000018-PPDef,2026-03-23T10:12:38.916030
CF-486-007-000030-PPDef.pdf,CF-486-007-000030-PPDef,2026-03-23T10:12:41.266896
CF-486-007-000034-PPDef.pdf,CF-486-007-000034-PPDef,2026-03-23T10:12:43.523419
CF-488-001-000001-PPDef.pdf,CF-488-001-000001-PPDef,2026-03-23T10:12:45.570424
CF-488-001-000005-PPDef.pdf,CF-488-001-000005-PPDef,2026-03-23T10:12:47.327189
CF-488-001-000017-PPDef.pdf,CF-488-001-000017-PPDef,2026-03-23T10:12:49.030036
CF-488-001-000018-PPDef.pdf,CF-488-001-000018-PPDef,2026-03-23T10:12:53.463659
CF-488-001-000019-PPDef.pdf,CF-488-001-000019-PPDef,2026-03-23T10:12:58.367716
CF-488-001-000020-PPDef.pdf,CF-488-001-000020-PPDef,2026-03-23T10:13:03.590861
CF-488-001-000023-PPDef.pdf,CF-488-001-000023-PPDef,2026-03-23T10:13:05.436940
CF-488-001-000024-PPDef.pdf,CF-488-001-000024-PPDef,2026-03-23T10:13:07.794119
CF-488-001-000025-PPDef.pdf,CF-488-001-000025-PPDef,2026-03-23T10:13:10.143213
CF-488-001-000026-PPDef.pdf,CF-488-001-000026-PPDef,2026-03-23T10:13:12.439463
CF-488-001-000027-PPDef.pdf,CF-488-001-000027-PPDef,2026-03-23T10:13:14.538241
CF-488-001-000028-PPDef.pdf,CF-488-001-000028-PPDef,2026-03-23T10:13:18.743369
CF-488-001-000032-PPDef.pdf,CF-488-001-000032-PPDef,2026-03-23T10:13:23.045226
CF-488-001-000033-PPDef.pdf,CF-488-001-000033-PPDef,2026-03-23T10:13:25.400100
CF-488-001-000034-PPDef.pdf,CF-488-001-000034-PPDef,2026-03-23T10:13:29.498463
CF-488-001-000036-PPDef.pdf,CF-488-001-000036-PPDef,2026-03-23T10:13:31.340621
CF-488-001-000037-PPDef.pdf,CF-488-001-000037-PPDef,2026-03-23T10:13:33.695532
CF-488-001-000038-PPDef.pdf,CF-488-001-000038-PPDef,2026-03-23T10:13:35.745892
CF-488-001-000040-PPDef.pdf,CF-488-001-000040-PPDef,2026-03-23T10:13:37.694754
CF-488-001-000042-PPDef.pdf,CF-488-001-000042-PPDef,2026-03-23T10:13:39.844368
CF-488-001-000043-PPDef.pdf,CF-488-001-000043-PPDef,2026-03-23T10:13:42.193638
CF-488-001-000045-PPDef.pdf,CF-488-001-000045-PPDef,2026-03-23T10:13:44.450285
CF-488-001-000046-PPDef.pdf,CF-488-001-000046-PPDef,2026-03-23T10:13:46.599782
CF-488-001-000047-PPDef.pdf,CF-488-001-000047-PPDef,2026-03-23T10:13:48.952887
CF-488-001-000049-PPDef.pdf,CF-488-001-000049-PPDef,2026-03-23T10:13:53.255812
CF-488-001-000051-PPDef.pdf,CF-488-001-000051-PPDef,2026-03-23T10:13:57.563018
CF-488-001-000053-PPDef.pdf,CF-488-001-000053-PPDef,2026-03-23T10:14:01.039029
CF-488-001-000055-PPDef.pdf,CF-488-001-000055-PPDef,2026-03-23T10:14:05.441305
CF-488-001-000057-PPDef.pdf,CF-488-001-000057-PPDef,2026-03-23T10:14:07.592049
CF-488-001-000058-PPDef.pdf,CF-488-001-000058-PPDef,2026-03-23T10:14:09.741854
CF-488-001-000059-PPDef.pdf,CF-488-001-000059-PPDef,2026-03-23T10:14:11.789148
CF-488-001-000060-PPDef.pdf,CF-488-001-000060-PPDef,2026-03-23T10:14:13.734119
CF-488-001-000061-PPDef.pdf,CF-488-001-000061-PPDef,2026-03-23T10:14:15.886894
CF-488-001-000063-PPDef.pdf,CF-488-001-000063-PPDef,2026-03-23T10:14:17.633364
CF-488-001-000066-PPDef.pdf,CF-488-001-000066-PPDef,2026-03-23T10:14:19.260382
CF-488-001-000067-PPDef.pdf,CF-488-001-000067-PPDef,2026-03-23T10:14:21.110495
CF-488-001-000068-PPDef.pdf,CF-488-001-000068-PPDef,2026-03-23T10:14:23.466267
CF-488-001-000069-PPDef.pdf,CF-488-001-000069-PPDef,2026-03-23T10:14:27.254402
CF-488-001-000070-PPDef.pdf,CF-488-001-000070-PPDef,2026-03-23T10:14:29.507608
CF-488-001-000071-PPDef.pdf,CF-488-001-000071-PPDef,2026-03-23T10:14:34.014004
CF-488-001-000072-PPDef.pdf,CF-488-001-000072-PPDef,2026-03-23T10:14:36.115364
CF-488-001-000074-PPDef.pdf,CF-488-001-000074-PPDef,2026-03-23T10:14:38.002099
CF-488-001-000075-PPDef.pdf,CF-488-001-000075-PPDef,2026-03-23T10:14:40.258567
CF-488-001-000076-PPDef.pdf,CF-488-001-000076-PPDef,2026-03-23T10:14:42.205360
CF-488-001-000077-PPDef.pdf,CF-488-001-000077-PPDef,2026-03-23T10:14:44.254544
CF-488-001-000078-PPDef.pdf,CF-488-001-000078-PPDef,2026-03-23T10:14:48.554775
CF-488-001-000082-PPDef.pdf,CF-488-001-000082-PPDef,2026-03-23T10:14:53.365509
CF-488-001-000083-PPDef.pdf,CF-488-001-000083-PPDef,2026-03-23T10:14:57.297023
CF-488-001-000084-PPDef.pdf,CF-488-001-000084-PPDef,2026-03-23T10:15:01.146954
CF-488-001-000085-PPDef.pdf,CF-488-001-000085-PPDef,2026-03-23T10:15:03.242592
CF-488-001-000101-PPDef.pdf,CF-488-001-000101-PPDef,2026-03-23T10:15:05.084197
CF-488-002-000003-PPDef.pdf,CF-488-002-000003-PPDef,2026-03-23T10:15:07.493995
CF-488-002-000004-PPDef.pdf,CF-488-002-000004-PPDef,2026-03-23T10:15:09.648063
CF-488-002-000005-PPDef.pdf,CF-488-002-000005-PPDef,2026-03-23T10:15:11.999888
CF-488-002-000006-PPDef.pdf,CF-488-002-000006-PPDef,2026-03-23T10:15:19.375616
CF-488-002-000007-PPDef.pdf,CF-488-002-000007-PPDef,2026-03-23T10:15:21.937159
CF-488-002-000008-PPDef.pdf,CF-488-002-000008-PPDef,2026-03-23T10:15:24.393271
CF-488-002-000009-PPDef.pdf,CF-488-002-000009-PPDef,2026-03-23T10:15:26.339113
CF-488-002-000010-PPDef.pdf,CF-488-002-000010-PPDef,2026-03-23T10:15:28.387872
CF-488-002-000013-PPDef.pdf,CF-488-002-000013-PPDef,2026-03-23T10:15:33.302219
CF-488-002-000015-PPDef.pdf,CF-488-002-000015-PPDef,2026-03-23T10:15:35.557214
CF-488-002-000018-PPDef.pdf,CF-488-002-000018-PPDef,2026-03-23T10:15:38.218819
CF-488-002-000019-PPDef.pdf,CF-488-002-000019-PPDef,2026-03-23T10:15:40.368571
CF-488-002-000022-PPDef.pdf,CF-488-002-000022-PPDef,2026-03-23T10:15:42.516308
CF-488-002-000024-PPDef.pdf,CF-488-002-000024-PPDef,2026-03-23T10:15:49.072484
CF-488-002-000026-PPDef.pdf,CF-488-002-000026-PPDef,2026-03-23T10:15:51.529653
CF-488-002-000027-PPDef.pdf,CF-488-002-000027-PPDef,2026-03-23T10:15:53.271292
CF-488-002-000028-PPDef.pdf,CF-488-002-000028-PPDef,2026-03-23T10:15:55.315679
CF-488-002-000031-PPDef.pdf,CF-488-002-000031-PPDef,2026-03-23T10:15:57.590338
CF-488-003-000002-PPDef.pdf,CF-488-003-000002-PPDef,2026-03-23T10:15:59.819352
CF-488-003-000007-PPDef.pdf,CF-488-003-000007-PPDef,2026-03-23T10:16:01.650763
CF-488-003-000015-PPDef.pdf,CF-488-003-000015-PPDef,2026-03-23T10:16:03.512266
CF-488-003-000016-PPDef.pdf,CF-488-003-000016-PPDef,2026-03-23T10:16:07.402239
CF-488-003-000018-PPDef.pdf,CF-488-003-000018-PPDef,2026-03-23T10:16:09.754945
CF-488-005-000003-PPDef.pdf,CF-488-005-000003-PPDef,2026-03-23T10:16:12.009161
CF-488-005-000004-PPDef.pdf,CF-488-005-000004-PPDef,2026-03-23T10:16:16.517922
CF-488-005-000006-PPDef.pdf,CF-488-005-000006-PPDef,2026-03-23T10:16:20.934518
CF-488-005-000007-PPDef.pdf,CF-488-005-000007-PPDef,2026-03-23T10:16:26.242673
CF-488-005-000011-PPDef.pdf,CF-488-005-000011-PPDef,2026-03-23T10:16:28.803799
CF-488-006-000001-PPDef.pdf,CF-488-006-000001-PPDef,2026-03-23T10:16:31.056790
CF-488-006-000003-PPDef.pdf,CF-488-006-000003-PPDef,2026-03-23T10:16:33.305439
CF-488-006-000007-PPDef.pdf,CF-488-006-000007-PPDef,2026-03-23T10:16:35.661678
CF-488-006-000009-PPDef.pdf,CF-488-006-000009-PPDef,2026-03-23T10:16:40.478361
CF-488-006-000011-PPDef.pdf,CF-488-006-000011-PPDef,2026-03-23T10:16:44.677483
CF-488-006-000012-PPDef.pdf,CF-488-006-000012-PPDef,2026-03-23T10:16:46.805916
CF-488-006-000015-PPDef.pdf,CF-488-006-000015-PPDef,2026-03-23T10:16:48.977093
CF-488-006-000018-PPDef.pdf,CF-488-006-000018-PPDef,2026-03-23T10:16:51.229575
CF-488-006-000019-PPDef.pdf,CF-488-006-000019-PPDef,2026-03-23T10:16:57.274288
CF-488-006-000021-PPDef.pdf,CF-488-006-000021-PPDef,2026-03-23T10:16:59.101039
CF-488-006-000022-PPDef.pdf,CF-488-006-000022-PPDef,2026-03-23T10:17:01.159401
CF-488-006-000023-PPDef.pdf,CF-488-006-000023-PPDef,2026-03-23T10:17:02.905012
CF-488-006-000024-PPDef.pdf,CF-488-006-000024-PPDef,2026-03-23T10:17:04.959552
CF-488-006-000028-PPDef.pdf,CF-488-006-000028-PPDef,2026-03-23T10:17:06.893773
CF-488-006-000030-PPDef.pdf,CF-488-006-000030-PPDef,2026-03-23T10:17:08.641315
CF-488-006-000031-PPDef.pdf,CF-488-006-000031-PPDef,2026-03-23T10:17:12.331545
CF-488-006-000032-PPDef.pdf,CF-488-006-000032-PPDef,2026-03-23T10:17:14.578687
CF-488-006-000033-PPDef.pdf,CF-488-006-000033-PPDef,2026-03-23T10:17:18.880896
CF-488-006-000036-PPDef.pdf,CF-488-006-000036-PPDef,2026-03-23T10:17:20.770387
CF-488-006-000037-PPDef.pdf,CF-488-006-000037-PPDef,2026-03-23T10:17:23.074583
CF-488-006-000040-PPDef.pdf,CF-488-006-000040-PPDef,2026-03-23T10:17:25.410881
CF-488-006-000041-PPDef.pdf,CF-488-006-000041-PPDef,2026-03-23T10:17:29.938459
CF-488-006-000042-PPDef.pdf,CF-488-006-000042-PPDef,2026-03-23T10:17:32.393530
CF-488-006-000049-PPDef.pdf,CF-488-006-000049-PPDef,2026-03-23T10:17:37.208232
CF-488-006-000053-PPDef.pdf,CF-488-006-000053-PPDef,2026-03-23T10:17:39.664078
CF-488-006-000054-PPDef.pdf,CF-488-006-000054-PPDef,2026-03-23T10:17:42.109379
CF-488-006-000055-PPDef.pdf,CF-488-006-000055-PPDef,2026-03-23T10:17:44.132723
CF-488-006-000058-PPDef.pdf,CF-488-006-000058-PPDef,2026-03-23T10:17:46.317356
CF-488-006-000059-PPDef.pdf,CF-488-006-000059-PPDef,2026-03-23T10:17:51.240651
CF-488-006-000062-PPDef.pdf,CF-488-006-000062-PPDef,2026-03-23T10:17:54.958649
CF-488-006-000063-PPDef.pdf,CF-488-006-000063-PPDef,2026-03-23T10:17:57.074793
CF-488-006-000068-PPDef.pdf,CF-488-006-000068-PPDef,2026-03-23T10:17:59.125564
CF-488-006-000069-PPDef.pdf,CF-488-006-000069-PPDef,2026-03-23T10:18:03.629768
CF-488-006-000070-PPDef.pdf,CF-488-006-000070-PPDef,2026-03-23T10:18:07.622437
CF-488-006-000071-PPDef.pdf,CF-488-006-000071-PPDef,2026-03-23T10:18:11.623296
CF-488-007-000001-PPDef.pdf,CF-488-007-000001-PPDef,2026-03-23T10:18:14.581833
CF-488-007-000003-PPDef.pdf,CF-488-007-000003-PPDef,2026-03-23T10:18:16.940658
CF-488-011-000002-PPDef.pdf,CF-488-011-000002-PPDef,2026-03-23T10:18:19.501622
CF-488-011-000004-PPDef.pdf,CF-488-011-000004-PPDef,2026-03-23T10:18:23.592401
CF-488-011-000006-PPDef.pdf,CF-488-011-000006-PPDef,2026-03-23T10:18:25.331579
CF-488-011-000010-PPDef.pdf,CF-488-011-000010-PPDef,2026-03-23T10:18:29.432338
CF-488-011-000011-PPDef.pdf,CF-488-011-000011-PPDef,2026-03-23T10:18:35.064788
CF-488-011-000012-PPDef.pdf,CF-488-011-000012-PPDef,2026-03-23T10:18:39.569803
CF-488-011-000014-PPDef.pdf,CF-488-011-000014-PPDef,2026-03-23T10:18:41.922062
CF-488-011-000023-PPDef.pdf,CF-488-011-000023-PPDef,2026-03-23T10:18:44.182874
CF-488-011-000024-PPDef.pdf,CF-488-011-000024-PPDef,2026-03-23T10:18:46.126584
CF-488-011-000026-PPDef.pdf,CF-488-011-000026-PPDef,2026-03-23T10:18:48.173424
CF-488-011-000027-PPDef.pdf,CF-488-011-000027-PPDef,2026-03-23T10:18:50.429737
CF-488-011-000028-PPDef.pdf,CF-488-011-000028-PPDef,2026-03-23T10:18:55.892616
CF-488-011-000029-PPDef.pdf,CF-488-011-000029-PPDef,2026-03-23T10:18:57.728643
CF-488-011-000030-PPDef.pdf,CF-488-011-000030-PPDef,2026-03-23T10:19:01.813460
CF-488-011-000031-PPDef.pdf,CF-488-011-000031-PPDef,2026-03-23T10:19:05.752337
CF-488-011-000036-PPDef.pdf,CF-488-011-000036-PPDef,2026-03-23T10:19:10.191197
CF-488-011-000037-PPDef.pdf,CF-488-011-000037-PPDef,2026-03-23T10:19:13.665580
CF-488-011-000038-PPDef.pdf,CF-488-011-000038-PPDef,2026-03-23T10:19:15.492820
CF-488-011-000039-PPDef.pdf,CF-488-011-000039-PPDef,2026-03-23T10:19:18.186305
CF-488-011-000040-PPDef.pdf,CF-488-011-000040-PPDef,2026-03-23T10:19:23.422574
CF-488-011-000043-PPDef.pdf,CF-488-011-000043-PPDef,2026-03-23T10:19:26.570026
CF-488-011-000045-PPDef.pdf,CF-488-011-000045-PPDef,2026-03-23T10:19:28.718355
CF-488-011-000046-PPDef.pdf,CF-488-011-000046-PPDef,2026-03-23T10:19:33.019497
CF-488-011-000047-PPDef.pdf,CF-488-011-000047-PPDef,2026-03-23T10:19:37.367294
CF-488-011-000049-PPDef.pdf,CF-488-011-000049-PPDef,2026-03-23T10:19:39.414981
CF-488-011-000050-PPDef.pdf,CF-488-011-000050-PPDef,2026-03-23T10:19:41.830593
CF-488-011-000052-PPDef.pdf,CF-488-011-000052-PPDef,2026-03-23T10:19:44.080162
CF-489-001-000002-PPDef.pdf,CF-489-001-000002-PPDef,2026-03-23T10:19:46.436341
CF-489-004-000001-PPDef.pdf,CF-489-004-000001-PPDef,2026-03-23T10:19:48.483946
CF-489-004-000002-PPDef.pdf,CF-489-004-000002-PPDef,2026-03-23T10:19:51.351831
CF-489-004-000003-PPDef.pdf,CF-489-004-000003-PPDef,2026-03-23T10:19:53.195031
CF-489-004-000004-PPDef.pdf,CF-489-004-000004-PPDef,2026-03-23T10:19:55.450268
CF-489-004-000007-PPDef.pdf,CF-489-004-000007-PPDef,2026-03-23T10:20:00.802389
CF-489-004-000008-PPDef.pdf,CF-489-004-000008-PPDef,2026-03-23T10:20:02.428159
CF-489-004-000009-PPDef.pdf,CF-489-004-000009-PPDef,2026-03-23T10:20:06.613958
CF-489-004-000010-PPDef.pdf,CF-489-004-000010-PPDef,2026-03-23T10:20:09.167427
CF-489-004-000011-PPDef.pdf,CF-489-004-000011-PPDef,2026-03-23T10:20:11.228599
CF-489-004-000012-PPDef.pdf,CF-489-004-000012-PPDef,2026-03-23T10:20:13.056715
CF-489-004-000015-PPDef.pdf,CF-489-004-000015-PPDef,2026-03-23T10:20:14.850481
CF-489-005-000003-PPDef.pdf,CF-489-005-000003-PPDef,2026-03-23T10:20:18.386089
CF-489-005-000014-PPDef.pdf,CF-489-005-000014-PPDef,2026-03-23T10:20:20.013298
CF-490-001-000003-PPDef.pdf,CF-490-001-000003-PPDef,2026-03-23T10:20:23.459155
CF-490-001-000004-PPDef.pdf,CF-490-001-000004-PPDef,2026-03-23T10:20:25.104192
CF-490-001-000005-PPDef.pdf,CF-490-001-000005-PPDef,2026-03-23T10:20:26.647967
CF-490-001-000010-PPDef.pdf,CF-490-001-000010-PPDef,2026-03-23T10:20:30.580454
CF-490-001-000011-PPDef.pdf,CF-490-001-000011-PPDef,2026-03-23T10:20:34.668150
CF-490-001-000014-PPDef.pdf,CF-490-001-000014-PPDef,2026-03-23T10:20:38.278248
CF-490-001-000017-PPDef.pdf,CF-490-001-000017-PPDef,2026-03-23T10:20:42.431571
CF-490-001-000021-PPDef.pdf,CF-490-001-000021-PPDef,2026-03-23T10:20:44.004776
CF-490-001-000023-PPDef.pdf,CF-490-001-000023-PPDef,2026-03-23T10:20:46.045125
CF-490-001-000024-PPDef.pdf,CF-490-001-000024-PPDef,2026-03-23T10:20:50.023155
CF-490-002-000009-PPDef.pdf,CF-490-002-000009-PPDef,2026-03-23T10:20:53.575970
CF-490-002-000010-PPDef.pdf,CF-490-002-000010-PPDef,2026-03-23T10:20:57.786484
CF-490-002-000012-PPDef.pdf,CF-490-002-000012-PPDef,2026-03-23T10:21:00.181593
CF-490-002-000014-PPDef.pdf,CF-490-002-000014-PPDef,2026-03-23T10:21:03.926641
CF-490-002-000023-PPDef.pdf,CF-490-002-000023-PPDef,2026-03-23T10:21:09.291576
CF-490-002-000027-PPDef.pdf,CF-490-002-000027-PPDef,2026-03-23T10:21:11.487340
CF-490-002-000028-PPDef.pdf,CF-490-002-000028-PPDef,2026-03-23T10:21:15.530731
CF-490-002-000029-PPDef.pdf,CF-490-002-000029-PPDef,2026-03-23T10:21:19.542871
CF-490-002-000037-PPDef.pdf,CF-490-002-000037-PPDef,2026-03-23T10:21:25.122276
CF-490-003-000023-PPDef.pdf,CF-490-003-000023-PPDef,2026-03-23T10:21:26.997871
CF-490-004-000005-PPDef.pdf,CF-490-004-000005-PPDef,2026-03-23T10:21:29.011764
CF-490-004-000011-PPDef.pdf,CF-490-004-000011-PPDef,2026-03-23T10:21:30.873486
CF-490-004-000016-PPDef.pdf,CF-490-004-000016-PPDef,2026-03-23T10:21:32.914764
CF-490-004-000022-PPDef.pdf,CF-490-004-000022-PPDef,2026-03-23T10:21:34.762012
CF-490-007-000010-PPDef.pdf,CF-490-007-000010-PPDef,2026-03-23T10:21:36.793039
CF-490-007-000012-PPDef.pdf,CF-490-007-000012-PPDef,2026-03-23T10:21:41.288147
CF-490-007-000014-PPDef.pdf,CF-490-007-000014-PPDef,2026-03-23T10:21:46.858804
CF-490-008-000006-PPDef.pdf,CF-490-008-000006-PPDef,2026-03-23T10:21:51.676926
CF-490-008-000008-PPDef.pdf,CF-490-008-000008-PPDef,2026-03-23T10:21:56.053807
CF-490-008-000010-PPDef.pdf,CF-490-008-000010-PPDef,2026-03-23T10:22:01.006773
CF-490-008-000015-PPDef.pdf,CF-490-008-000015-PPDef,2026-03-23T10:22:05.933684
CF-490-008-000021-PPDef.pdf,CF-490-008-000021-PPDef,2026-03-23T10:22:10.551498
CF-490-009-000001-PPDef.pdf,CF-490-009-000001-PPDef,2026-03-23T10:22:14.891945
CF-490-009-000004-PPDef.pdf,CF-490-009-000004-PPDef,2026-03-23T10:22:16.992907
CF-490-009-000007-PPDef.pdf,CF-490-009-000007-PPDef,2026-03-23T10:22:19.095055
CF-490-009-000009-PPDef.pdf,CF-490-009-000009-PPDef,2026-03-23T10:22:21.013811
CF-490-009-000011-PPDef.pdf,CF-490-009-000011-PPDef,2026-03-23T10:22:23.029129
CF-490-009-000012-PPDef.pdf,CF-490-009-000012-PPDef,2026-03-23T10:22:25.020813
CF-490-009-000016-PPDef.pdf,CF-490-009-000016-PPDef,2026-03-23T10:22:26.625831
CF-490-009-000018-PPDef.pdf,CF-490-009-000018-PPDef,2026-03-23T10:22:28.405535
CF-490-009-000022-PPDef.pdf,CF-490-009-000022-PPDef,2026-03-23T10:22:29.927145
CF-490-009-000023-PPDef.pdf,CF-490-009-000023-PPDef,2026-03-23T10:22:31.456319
CF-490-009-000027-PPDef.pdf,CF-490-009-000027-PPDef,2026-03-23T10:22:33.041581
CF-490-010-000018-PPDef.pdf,CF-490-010-000018-PPDef,2026-03-23T10:22:34.723768
CF-490-010-000023-PPDef.pdf,CF-490-010-000023-PPDef,2026-03-23T10:22:36.100288
CF-490-010-000031-PPDef.pdf,CF-490-010-000031-PPDef,2026-03-23T10:22:37.652394
CF-490-010-000036-PPDef.pdf,CF-490-010-000036-PPDef,2026-03-23T10:22:39.506060
CF-493-001-000001-PPDef.pdf,CF-493-001-000001-PPDef,2026-03-23T10:22:41.400003
CF-493-001-000003-PPDef.pdf,CF-493-001-000003-PPDef,2026-03-23T10:22:43.272954
CF-493-001-000004-PPDef.pdf,CF-493-001-000004-PPDef,2026-03-23T10:22:47.672124
CF-493-001-000005-PPDef.pdf,CF-493-001-000005-PPDef,2026-03-23T10:22:52.189580
CF-493-001-000006-PPDef.pdf,CF-493-001-000006-PPDef,2026-03-23T10:22:54.240072
CF-493-001-000010-PPDef.pdf,CF-493-001-000010-PPDef,2026-03-23T10:22:56.140913
CF-493-001-000011-PPDef.pdf,CF-493-001-000011-PPDef,2026-03-23T10:23:01.267307
CF-493-001-000019-PPDef.pdf,CF-493-001-000019-PPDef,2026-03-23T10:23:03.452276
CF-493-001-000020-PPDef.pdf,CF-493-001-000020-PPDef,2026-03-23T10:23:07.951393
CF-493-001-000021-PPDef.pdf,CF-493-001-000021-PPDef,2026-03-23T10:23:09.982010
CF-493-032-000018-PPDef.pdf,CF-493-032-000018-PPDef,2026-03-23T10:23:12.251450
CF-493-032-000019-PPDef.pdf,CF-493-032-000019-PPDef,2026-03-23T10:23:13.686552
CF-493-032-000020-PPDef.pdf,CF-493-032-000020-PPDef,2026-03-23T10:23:15.275026
CF-493-032-000021-PPDef.pdf,CF-493-032-000021-PPDef,2026-03-23T10:23:16.640249
CF-493-032-000022-PPDef.pdf,CF-493-032-000022-PPDef,2026-03-23T10:23:18.018896
CF-493-032-000038-PPDef.pdf,CF-493-032-000038-PPDef,2026-03-23T10:23:22.119323
CF-493-032-000039-PPDef.pdf,CF-493-032-000039-PPDef,2026-03-23T10:23:23.666204
CF-494-001-000001-PPDef.pdf,CF-494-001-000001-PPDef,2026-03-23T10:23:25.460348
CF-494-001-000003-PPDef.pdf,CF-494-001-000003-PPDef,2026-03-23T10:23:27.003749
CF-494-001-000008-PPDef.pdf,CF-494-001-000008-PPDef,2026-03-23T10:23:28.755518
CF-494-001-000009-PPDef.pdf,CF-494-001-000009-PPDef,2026-03-23T10:23:32.476919
CF-494-001-000011-PPDef.pdf,CF-494-001-000011-PPDef,2026-03-23T10:23:34.104791
CF-494-001-000012-PPDef.pdf,CF-494-001-000012-PPDef,2026-03-23T10:23:35.707832
CF-494-001-000013-PPDef.pdf,CF-494-001-000013-PPDef,2026-03-23T10:23:37.329981
CF-494-001-000016-PPDef.pdf,CF-494-001-000016-PPDef,2026-03-23T10:23:38.755447
CF-494-003-000003-PPDef.pdf,CF-494-003-000003-PPDef,2026-03-23T10:24:15.801427
CF-494-003-000006-PPDef.pdf,CF-494-003-000006-PPDef,2026-03-23T10:24:17.724232
CF-494-005-000001-PPDef.pdf,CF-494-005-000001-PPDef,2026-03-23T10:24:42.613340
CF-494-005-000004-PPDef.pdf,CF-494-005-000004-PPDef,2026-03-23T10:24:47.051394
CF-494-005-000005-PPDef.pdf,CF-494-005-000005-PPDef,2026-03-23T10:24:51.224410
CF-494-005-000006-PPDef.pdf,CF-494-005-000006-PPDef,2026-03-23T10:24:52.793408
CF-494-005-000007-PPDef.pdf,CF-494-005-000007-PPDef,2026-03-23T10:24:54.294491
CF-494-005-000008-PPDef.pdf,CF-494-005-000008-PPDef,2026-03-23T10:24:58.468531
CF-494-005-000011-PPDef.pdf,CF-494-005-000011-PPDef,2026-03-23T10:24:59.907337
CF-494-005-000012-PPDef.pdf,CF-494-005-000012-PPDef,2026-03-23T10:25:01.286964
CF-494-005-000014-PPDef.pdf,CF-494-005-000014-PPDef,2026-03-23T10:25:04.731216
CF-494-005-000015-PPDef.pdf,CF-494-005-000015-PPDef,2026-03-23T10:25:08.610098
CF-494-005-000016-PPDef.pdf,CF-494-005-000016-PPDef,2026-03-23T10:25:13.269054
CF-494-005-000018-PPDef.pdf,CF-494-005-000018-PPDef,2026-03-23T10:25:14.731325
CF-494-005-000021-PPDef.pdf,CF-494-005-000021-PPDef,2026-03-23T10:25:16.434868
CF-494-005-000023-PPDef.pdf,CF-494-005-000023-PPDef,2026-03-23T10:25:20.183853
CF-494-005-000024-PPDef.pdf,CF-494-005-000024-PPDef,2026-03-23T10:25:24.959428
CF-494-006-000017-PPDef.pdf,CF-494-006-000017-PPDef,2026-03-23T10:25:28.473474
CF-494-006-000022-PPDef.pdf,CF-494-006-000022-PPDef,2026-03-23T10:25:31.977023
CF-494-006-000030-PPDef.pdf,CF-494-006-000030-PPDef,2026-03-23T10:25:33.894493
CF-494-006-000043-PPDef.pdf,CF-494-006-000043-PPDef,2026-03-23T10:25:35.773881
CF-494-006-000048-PPDef.pdf,CF-494-006-000048-PPDef,2026-03-23T10:25:37.523905
CF-494-006-000049-PPDef.pdf,CF-494-006-000049-PPDef,2026-03-23T10:25:39.321940
CF-494-006-000060-PPDef.pdf,CF-494-006-000060-PPDef,2026-03-23T10:25:41.177836
CF-494-007-000015-PPDef.pdf,CF-494-007-000015-PPDef,2026-03-23T10:25:45.488979
CF-494-007-000018-PPDef.pdf,CF-494-007-000018-PPDef,2026-03-23T10:25:50.366741
CF-494-007-000020-PPDef.pdf,CF-494-007-000020-PPDef,2026-03-23T10:25:55.231838
CF-494-007-000022-PPDef.pdf,CF-494-007-000022-PPDef,2026-03-23T10:25:59.736470
CF-494-007-000023-PPDef.pdf,CF-494-007-000023-PPDef,2026-03-23T10:26:04.396012
CF-494-007-000024-PPDef.pdf,CF-494-007-000024-PPDef,2026-03-23T10:26:08.915171
CF-494-007-000025-PPDef.pdf,CF-494-007-000025-PPDef,2026-03-23T10:26:13.437901
CF-494-007-000026-PPDef.pdf,CF-494-007-000026-PPDef,2026-03-23T10:26:18.629871
CF-494-007-000028-PPDef.pdf,CF-494-007-000028-PPDef,2026-03-23T10:26:24.764351
CF-494-007-000029-PPDef.pdf,CF-494-007-000029-PPDef,2026-03-23T10:26:26.801144
CF-494-007-000036-PPDef.pdf,CF-494-007-000036-PPDef,2026-03-23T10:26:31.952489
CF-494-007-000037-PPDef.pdf,CF-494-007-000037-PPDef,2026-03-23T10:26:36.417466
CF-494-007-000039-PPDef.pdf,CF-494-007-000039-PPDef,2026-03-23T10:26:38.390817
CF-494-007-000040-PPDef.pdf,CF-494-007-000040-PPDef,2026-03-23T10:26:40.371740
CF-494-007-000041-PPDef.pdf,CF-494-007-000041-PPDef,2026-03-23T10:26:44.649023
CF-494-007-000042-PPDef.pdf,CF-494-007-000042-PPDef,2026-03-23T10:26:48.731333
CF-494-007-000043-PPDef.pdf,CF-494-007-000043-PPDef,2026-03-23T10:26:53.267197
CF-494-007-000044-PPDef.pdf,CF-494-007-000044-PPDef,2026-03-23T10:26:58.791106
CF-494-007-000049-PPDef.pdf,CF-494-007-000049-PPDef,2026-03-23T10:27:00.608857
CF-494-007-000050-PPDef.pdf,CF-494-007-000050-PPDef,2026-03-23T10:27:02.538436
CF-494-007-000052-PPDef.pdf,CF-494-007-000052-PPDef,2026-03-23T10:27:04.339864
CF-494-007-000054-PPDef.pdf,CF-494-007-000054-PPDef,2026-03-23T10:27:05.916096
CF-494-007-000055-PPDef.pdf,CF-494-007-000055-PPDef,2026-03-23T10:27:10.903316
CF-494-007-000057-PPDef.pdf,CF-494-007-000057-PPDef,2026-03-23T10:27:15.766486
CF-494-007-000060-PPDef.pdf,CF-494-007-000060-PPDef,2026-03-23T10:27:17.316071
CF-494-007-000063-PPDef.pdf,CF-494-007-000063-PPDef,2026-03-23T10:27:18.962143
CF-494-007-000064-PPDef.pdf,CF-494-007-000064-PPDef,2026-03-23T10:27:20.537011
CF-494-007-000065-PPDef.pdf,CF-494-007-000065-PPDef,2026-03-23T10:27:25.750755
CF-494-007-000066-PPDef.pdf,CF-494-007-000066-PPDef,2026-03-23T10:27:29.791000
CF-494-007-000067-PPDef.pdf,CF-494-007-000067-PPDef,2026-03-23T10:27:31.420236
CF-494-007-000068-PPDef.pdf,CF-494-007-000068-PPDef,2026-03-23T10:27:33.633794
CF-494-007-000070-PPDef.pdf,CF-494-007-000070-PPDef,2026-03-23T10:27:35.235830
CF-494-007-000072-PPDef.pdf,CF-494-007-000072-PPDef,2026-03-23T10:27:36.958445
CF-494-007-000073-PPDef.pdf,CF-494-007-000073-PPDef,2026-03-23T10:27:40.914866
CF-494-007-000074-PPDef.pdf,CF-494-007-000074-PPDef,2026-03-23T10:27:45.479338
CF-494-007-000075-PPDef.pdf,CF-494-007-000075-PPDef,2026-03-23T10:27:50.000582
CF-494-007-000076-PPDef.pdf,CF-494-007-000076-PPDef,2026-03-23T10:27:52.078327
CF-494-007-000078-PPDef.pdf,CF-494-007-000078-PPDef,2026-03-23T10:27:56.385978
CF-494-007-000079-PPDef.pdf,CF-494-007-000079-PPDef,2026-03-23T10:28:01.671525
CF-494-007-000080-PPDef.pdf,CF-494-007-000080-PPDef,2026-03-23T10:28:07.228681
CF-494-007-000082-PPDef.pdf,CF-494-007-000082-PPDef,2026-03-23T10:28:11.843680
CF-494-007-000083-PPDef.pdf,CF-494-007-000083-PPDef,2026-03-23T10:28:16.821953
CF-494-007-000084-PPDef.pdf,CF-494-007-000084-PPDef,2026-03-23T10:28:20.832695
CF-494-010-000008-PPDef.pdf,CF-494-010-000008-PPDef,2026-03-23T10:28:26.137901
CF-494-010-000015-PPDef.pdf,CF-494-010-000015-PPDef,2026-03-23T10:28:30.961451
CF-494-010-000031-PPDef.pdf,CF-494-010-000031-PPDef,2026-03-23T10:28:35.429398
CF-494-010-000036-PPDef.pdf,CF-494-010-000036-PPDef,2026-03-23T10:28:39.868819
CF-494-010-000037-PPDef.pdf,CF-494-010-000037-PPDef,2026-03-23T10:28:43.969503
CF-494-010-000040-PPDef.pdf,CF-494-010-000040-PPDef,2026-03-23T10:28:49.666187
CF-494-010-000043-PPDef.pdf,CF-494-010-000043-PPDef,2026-03-23T10:28:53.918219
CF-494-010-000044-PPDef.pdf,CF-494-010-000044-PPDef,2026-03-23T10:28:58.616499
CF-494-010-000045-PPDef.pdf,CF-494-010-000045-PPDef,2026-03-23T10:29:04.103857
CF-494-010-000046-PPDef.pdf,CF-494-010-000046-PPDef,2026-03-23T10:29:09.660975
CF-494-010-000047-PPDef.pdf,CF-494-010-000047-PPDef,2026-03-23T10:29:16.929817
CF-494-010-000055-PPDef.pdf,CF-494-010-000055-PPDef,2026-03-23T10:29:21.649220
CF-494-010-000064-PPDef.pdf,CF-494-010-000064-PPDef,2026-03-23T10:29:26.044273
CF-494-010-000065-PPDef.pdf,CF-494-010-000065-PPDef,2026-03-23T10:29:30.086581
CF-494-010-000066-PPDef.pdf,CF-494-010-000066-PPDef,2026-03-23T10:29:34.000140
CF-494-012-000013-PPDef.pdf,CF-494-012-000013-PPDef,2026-03-23T10:29:51.424954
CF-494-012-000015-PPDef.pdf,CF-494-012-000015-PPDef,2026-03-23T10:29:56.940696
CF-494-012-000017-PPDef.pdf,CF-494-012-000017-PPDef,2026-03-23T10:30:00.932902
CF-494-012-000024-PPDef.pdf,CF-494-012-000024-PPDef,2026-03-23T10:30:05.821035
CF-494-012-000026-PPDef.pdf,CF-494-012-000026-PPDef,2026-03-23T10:30:10.087628
CF-494-012-000029-PPDef.pdf,CF-494-012-000029-PPDef,2026-03-23T10:30:14.564690
CF-494-012-000030-PPDef.pdf,CF-494-012-000030-PPDef,2026-03-23T10:30:16.845265
CF-494-012-000031-PPDef.pdf,CF-494-012-000031-PPDef,2026-03-23T10:30:19.284024
CF-495-003-000002-PPDef.pdf,CF-495-003-000002-PPDef,2026-03-23T10:30:23.723632
CF-495-003-000003-PPDef.pdf,CF-495-003-000003-PPDef,2026-03-23T10:30:26.121998
CF-495-003-000004-PPDef.pdf,CF-495-003-000004-PPDef,2026-03-23T10:30:31.072739
CF-495-003-000005-PPDef.pdf,CF-495-003-000005-PPDef,2026-03-23T10:30:33.349161
CF-495-003-000006-PPDef.pdf,CF-495-003-000006-PPDef,2026-03-23T10:30:35.670264
CF-495-003-000009-PPDef.pdf,CF-495-003-000009-PPDef,2026-03-23T10:30:37.535061
CF-495-003-000011-PPDef.pdf,CF-495-003-000011-PPDef,2026-03-23T10:30:42.147399
CF-495-003-000014-PPDef.pdf,CF-495-003-000014-PPDef,2026-03-23T10:30:44.371876
CF-495-003-000015-PPDef.pdf,CF-495-003-000015-PPDef,2026-03-23T10:30:51.985655
CF-495-003-000016-PPDef.pdf,CF-495-003-000016-PPDef,2026-03-23T10:30:56.963510
CF-495-003-000017-PPDef.pdf,CF-495-003-000017-PPDef,2026-03-23T10:30:59.124715
CF-495-003-000018-PPDef.pdf,CF-495-003-000018-PPDef,2026-03-23T10:31:01.138414
CF-495-003-000019-PPDef.pdf,CF-495-003-000019-PPDef,2026-03-23T10:31:03.396605
CF-495-003-000020-PPDef.pdf,CF-495-003-000020-PPDef,2026-03-23T10:31:05.792778
CF-495-003-000021-PPDef.pdf,CF-495-003-000021-PPDef,2026-03-23T10:31:08.018052
CF-495-003-000023-PPDef.pdf,CF-495-003-000023-PPDef,2026-03-23T10:31:10.084598
CF-495-003-000026-PPDef.pdf,CF-495-003-000026-PPDef,2026-03-23T10:31:15.707609
CF-495-003-000027-PPDef.pdf,CF-495-003-000027-PPDef,2026-03-23T10:31:20.586618
CF-495-003-000032-PPDef.pdf,CF-495-003-000032-PPDef,2026-03-23T10:31:22.702333
CF-495-003-000035-PPDef.pdf,CF-495-003-000035-PPDef,2026-03-23T10:31:25.162590
CF-495-003-000037-PPDef.pdf,CF-495-003-000037-PPDef,2026-03-23T10:31:27.142445
CF-495-003-000039-PPDef.pdf,CF-495-003-000039-PPDef,2026-03-23T10:31:29.181455
CF-495-003-000041-PPDef.pdf,CF-495-003-000041-PPDef,2026-03-23T10:31:31.539669
CF-495-003-000043-PPDef.pdf,CF-495-003-000043-PPDef,2026-03-23T10:31:35.998654
CF-495-003-000044-PPDef.pdf,CF-495-003-000044-PPDef,2026-03-23T10:31:38.110496
CF-495-003-000045-PPDef.pdf,CF-495-003-000045-PPDef,2026-03-23T10:31:40.521782
CF-495-003-000046-PPDef.pdf,CF-495-003-000046-PPDef,2026-03-23T10:31:42.479814
CF-495-003-000048-PPDef.pdf,CF-495-003-000048-PPDef,2026-03-23T10:31:44.668749
CF-495-003-000050-PPDef.pdf,CF-495-003-000050-PPDef,2026-03-23T10:31:47.616973
CF-495-003-000051-PPDef.pdf,CF-495-003-000051-PPDef,2026-03-23T10:31:53.186940
CF-495-003-000055-PPDef.pdf,CF-495-003-000055-PPDef,2026-03-23T10:31:58.621996
CF-495-003-000072-PPDef.pdf,CF-495-003-000072-PPDef,2026-03-23T10:32:04.192500
CF-495-003-000074-PPDef.pdf,CF-495-003-000074-PPDef,2026-03-23T10:32:06.221197
CF-495-003-000075-PPDef.pdf,CF-495-003-000075-PPDef,2026-03-23T10:32:10.165991
CF-495-005-000001-PPDef.pdf,CF-495-005-000001-PPDef,2026-03-23T10:32:15.374698
CF-495-005-000002-PPDef.pdf,CF-495-005-000002-PPDef,2026-03-23T10:32:20.196579
CF-495-005-000003-PPDef.pdf,CF-495-005-000003-PPDef,2026-03-23T10:32:24.835645
CF-495-005-000004-PPDef.pdf,CF-495-005-000004-PPDef,2026-03-23T10:32:26.756550
CF-495-005-000005-PPDef.pdf,CF-495-005-000005-PPDef,2026-03-23T10:32:30.997642
CF-495-005-000006-PPDef.pdf,CF-495-005-000006-PPDef,2026-03-23T10:32:35.916999
CF-495-005-000007-PPDef.pdf,CF-495-005-000007-PPDef,2026-03-23T10:32:37.916927
CF-495-005-000008-PPDef.pdf,CF-495-005-000008-PPDef,2026-03-23T10:32:39.904224
CF-495-005-000009-PPDef.pdf,CF-495-005-000009-PPDef,2026-03-23T10:32:41.981284
CF-495-005-000010-PPDef.pdf,CF-495-005-000010-PPDef,2026-03-23T10:32:44.165968
CF-495-005-000011-PPDef.pdf,CF-495-005-000011-PPDef,2026-03-23T10:32:49.590216
CF-495-009-000006-PPDef.pdf,CF-495-009-000006-PPDef,2026-03-23T10:32:57.116344
CF-495-009-000007-PPDef.pdf,CF-495-009-000007-PPDef,2026-03-23T10:33:01.411744
CF-495-009-000009-PPDef.pdf,CF-495-009-000009-PPDef,2026-03-23T10:33:07.529648
CF-495-009-000010-PPDef.pdf,CF-495-009-000010-PPDef,2026-03-23T10:33:10.841543
CF-495-009-000012-PPDef.pdf,CF-495-009-000012-PPDef,2026-03-23T10:33:14.304575
CF-495-009-000013-PPDef.pdf,CF-495-009-000013-PPDef,2026-03-23T10:33:18.445568
CF-495-009-000014-PPDef.pdf,CF-495-009-000014-PPDef,2026-03-23T10:33:25.292764
CF-495-009-000015-PPDef.pdf,CF-495-009-000015-PPDef,2026-03-23T10:33:27.423022
CF-495-009-000016-PPDef.pdf,CF-495-009-000016-PPDef,2026-03-23T10:33:30.012196
CF-495-009-000017-PPDef.pdf,CF-495-009-000017-PPDef,2026-03-23T10:33:36.047574
CF-495-009-000018-PPDef.pdf,CF-495-009-000018-PPDef,2026-03-23T10:33:41.145358
CF-495-020-000010-PPDef.pdf,CF-495-020-000010-PPDef,2026-03-23T10:33:44.144422
CF-495-020-000011-PPDef.pdf,CF-495-020-000011-PPDef,2026-03-23T10:33:46.014689
CF-495-020-000014-PPDef.pdf,CF-495-020-000014-PPDef,2026-03-23T10:33:47.980624
CF-495-020-000016-PPDef.pdf,CF-495-020-000016-PPDef,2026-03-23T10:33:50.009964
CF-495-020-000017-PPDef.pdf,CF-495-020-000017-PPDef,2026-03-23T10:33:53.676574
CF-495-020-000018-PPDef.pdf,CF-495-020-000018-PPDef,2026-03-23T10:33:55.702765
CF-495-020-000023-PPDef.pdf,CF-495-020-000023-PPDef,2026-03-23T10:33:57.550219
CF-495-020-000046-PPDef.pdf,CF-495-020-000046-PPDef,2026-03-23T10:33:59.354480
CF-495-022-000001-PPDef.pdf,CF-495-022-000001-PPDef,2026-03-23T10:34:01.143192
CF-495-022-000005-PPDef.pdf,CF-495-022-000005-PPDef,2026-03-23T10:34:03.233591
CF-495-022-000010-PPDef.pdf,CF-495-022-000010-PPDef,2026-03-23T10:34:05.269924
CF-495-022-000016-PPDef.pdf,CF-495-022-000016-PPDef,2026-03-23T10:34:07.327634
CF-495-022-000017-PPDef.pdf,CF-495-022-000017-PPDef,2026-03-23T10:34:09.363699
CF-495-022-000019-PPDef.pdf,CF-495-022-000019-PPDef,2026-03-23T10:34:11.343373
CF-495-022-000020-PPDef.pdf,CF-495-022-000020-PPDef,2026-03-23T10:34:14.067616
CF-495-022-000030-PPDef.pdf,CF-495-022-000030-PPDef,2026-03-23T10:34:16.037491
CF-495-022-000031-PPDef.pdf,CF-495-022-000031-PPDef,2026-03-23T10:34:17.823833
CF-495-025-000013-PPDef.pdf,CF-495-025-000013-PPDef,2026-03-23T10:34:20.445264
CF-495-025-000028-PPDef.pdf,CF-495-025-000028-PPDef,2026-03-23T10:34:25.323048
CF-495-033-000006-PPDef.pdf,CF-495-033-000006-PPDef,2026-03-23T10:34:27.325680
CF-495-033-000010-PPDef.pdf,CF-495-033-000010-PPDef,2026-03-23T10:34:32.648470
CF-495-033-000011-PPDef.pdf,CF-495-033-000011-PPDef,2026-03-23T10:34:34.757497
CF-495-033-000019-PPDef.pdf,CF-495-033-000019-PPDef,2026-03-23T10:34:38.972824
CF-495-033-000022-PPDef.pdf,CF-495-033-000022-PPDef,2026-03-23T10:34:41.107689
CF-495-033-000024-PPDef.pdf,CF-495-033-000024-PPDef,2026-03-23T10:34:46.884552
CF-495-033-000025-PPDef.pdf,CF-495-033-000025-PPDef,2026-03-23T10:34:48.968141
